2025-02-02 08:39:17,1.5929255E-05
2025-02-02 08:39:18,1.2904329E-05
2025-02-02 08:39:20,1.2904329E-05
2025-02-02 08:39:21,1.9208051E-05
2025-02-02 08:39:23,1.9208051E-05
2025-02-02 08:39:24,1.9208051E-05
2025-02-02 08:39:26,1.9365365E-05
2025-02-02 08:39:27,1.9365365E-05
2025-02-02 08:39:29,1.9365365E-05
2025-02-02 08:39:30,1.2370846E-05
2025-02-02 08:39:32,1.2370846E-05
2025-02-02 08:39:33,9.305185E-06
2025-02-02 08:39:35,9.305185E-06
2025-02-02 08:39:36,9.305185E-06
2025-02-02 08:39:38,9.305185E-06
2025-02-02 08:39:39,1.3170783E-05
2025-02-02 08:39:41,1.3170783E-05
2025-02-02 08:39:42,1.5815581E-05
2025-02-02 08:39:44,1.5815581E-05
2025-02-02 08:39:45,1.3017516E-05
2025-02-02 08:39:47,1.3017516E-05
2025-02-02 08:39:48,1.3017516E-05
2025-02-02 08:39:50,1.2550373E-05
2025-02-02 08:39:51,1.2550373E-05
2025-02-02 08:39:53,7.133546E-06
2025-02-02 08:39:54,7.133546E-06
2025-02-02 08:39:56,7.133546E-06
2025-02-02 08:39:57,7.133546E-06
2025-02-02 08:39:59,1.1772858E-05
2025-02-02 08:40:00,1.1772858E-05
2025-02-02 08:40:02,1.1357271E-05
2025-02-02 08:40:03,1.1357271E-05
2025-02-02 08:40:05,9.011398E-06
2025-02-02 08:40:06,9.011398E-06
2025-02-02 08:40:08,9.011398E-06
2025-02-02 08:40:09,1.182342E-05
2025-02-02 08:40:11,1.182342E-05
2025-02-02 08:40:12,1.125196E-05
2025-02-02 08:40:14,1.125196E-05
2025-02-02 08:40:15,1.125196E-05
2025-02-02 08:40:17,1.125196E-05
2025-02-02 08:40:18,1.0813554E-05
2025-02-02 08:40:20,1.0813554E-05
2025-02-02 08:40:21,1.1854472E-05
2025-02-02 08:40:23,1.1854472E-05
2025-02-02 08:40:24,8.329358E-06
2025-02-02 08:40:26,8.329358E-06
2025-02-02 08:40:27,8.329358E-06
2025-02-02 08:40:29,9.062041E-06
2025-02-02 08:40:30,9.062041E-06
2025-02-02 08:40:32,9.054462E-06
2025-02-02 08:40:33,9.054462E-06
2025-02-02 08:40:35,9.054462E-06
2025-02-02 08:40:36,7.608105E-06
2025-02-02 08:40:38,7.608105E-06
2025-02-02 08:40:39,1.0435582E-05
2025-02-02 08:40:41,1.0435582E-05
2025-02-02 08:40:43,1.0435582E-05
2025-02-02 08:40:44,8.706255E-06
2025-02-02 08:40:46,8.706255E-06
2025-02-02 08:40:47,8.933627E-06
2025-02-02 08:40:49,8.933627E-06
2025-02-02 08:40:50,8.933627E-06
2025-02-02 08:40:52,9.226637E-06
2025-02-02 08:40:53,9.226637E-06
2025-02-02 08:40:55,9.226637E-06
2025-02-02 08:40:56,1.1180291E-05
2025-02-02 08:40:58,1.1180291E-05
2025-02-02 08:40:59,1.2111441E-05
2025-02-02 08:41:01,1.2111441E-05
2025-02-02 08:41:02,1.2111441E-05
2025-02-02 08:41:03,1.2181401E-05
2025-02-02 08:41:05,1.2181401E-05
2025-02-02 08:41:06,1.2181401E-05
2025-02-02 08:41:08,1.1816264E-05
2025-02-02 08:41:09,1.1816264E-05
2025-02-02 08:41:11,1.2640112E-05
2025-02-02 08:41:12,1.2640112E-05
2025-02-02 08:41:14,1.2640112E-05
2025-02-02 08:41:15,1.3189916E-05
2025-02-02 08:41:17,1.3189916E-05
2025-02-02 08:41:18,1.4144785E-05
2025-02-02 08:41:20,1.4144785E-05
2025-02-02 08:41:21,1.4144785E-05
2025-02-02 08:41:23,1.3039995E-05
2025-02-02 08:41:24,1.3039995E-05
2025-02-02 08:41:26,1.2406356E-05
2025-02-02 08:41:27,1.2406356E-05
2025-02-02 08:41:29,1.2406356E-05
2025-02-02 08:41:30,1.21317E-05
2025-02-02 08:41:32,1.21317E-05
2025-02-02 08:41:33,1.21317E-05
2025-02-02 08:41:35,1.1447473E-05
2025-02-02 08:41:36,1.1447473E-05
2025-02-02 08:41:38,1.1447473E-05
2025-02-02 08:41:39,1.1390521E-05
2025-02-02 08:41:41,1.1390521E-05
2025-02-02 08:41:42,1.2047672E-05
2025-02-02 08:41:44,1.2047672E-05
2025-02-02 08:41:45,1.1910964E-05
2025-02-02 08:41:47,1.1910964E-05
2025-02-02 08:41:48,1.1910964E-05
2025-02-02 08:41:50,1.2374891E-05
2025-02-02 08:41:51,1.2374891E-05
2025-02-02 08:41:53,1.2374891E-05
2025-02-02 08:41:55,1.2482667E-05
2025-02-02 08:41:56,1.2482667E-05
2025-02-02 08:41:58,1.0923578E-05
2025-02-02 08:41:59,1.0923578E-05
2025-02-02 08:42:01,1.0923578E-05
2025-02-02 08:42:02,1.0213906E-05
2025-02-02 08:42:03,1.0213906E-05
2025-02-02 08:42:05,1.0213906E-05
2025-02-02 08:42:06,1.0213906E-05
2025-02-02 08:42:08,1.0213906E-05
2025-02-02 08:42:09,1.0591298E-05
2025-02-02 08:42:11,1.0591298E-05
2025-02-02 08:42:12,1.1915104E-05
2025-02-02 08:42:14,1.1915104E-05
2025-02-02 08:42:15,1.1915104E-05
2025-02-02 08:42:17,1.2052595E-05
2025-02-02 08:42:18,1.2052595E-05
2025-02-02 08:42:20,1.2052595E-05
2025-02-02 08:42:21,1.0482639E-05
2025-02-02 08:42:23,1.0482639E-05
2025-02-02 08:42:24,1.1013383E-05
2025-02-02 08:42:26,1.1013383E-05
2025-02-02 08:42:27,1.1013383E-05
2025-02-02 08:42:29,1.1217063E-05
2025-02-02 08:42:30,1.1217063E-05
2025-02-02 08:42:32,1.1161704E-05
2025-02-02 08:42:33,1.1161704E-05
2025-02-02 08:42:35,1.1161704E-05
2025-02-02 08:42:36,1.1161704E-05
2025-02-02 08:42:38,1.0463074E-05
2025-02-02 08:42:39,1.0463074E-05
2025-02-02 08:42:41,1.0515249E-05
2025-02-02 08:42:42,1.0515249E-05
2025-02-02 08:42:44,1.0574757E-05
2025-02-02 08:42:45,1.0574757E-05
2025-02-02 08:42:47,1.0574757E-05
2025-02-02 08:42:48,1.0484692E-05
2025-02-02 08:42:50,1.0484692E-05
2025-02-02 08:42:51,1.0119471E-05
2025-02-02 08:42:53,1.0119471E-05
2025-02-02 08:42:54,1.0119471E-05
2025-02-02 08:42:56,1.0931798E-05
2025-02-02 08:42:57,1.0931798E-05
2025-02-02 08:42:59,1.0931798E-05
2025-02-02 08:43:00,1.0941898E-05
2025-02-02 08:43:02,1.0941898E-05
2025-02-02 08:43:03,1.1422141E-05
2025-02-02 08:43:05,1.1422141E-05
2025-02-02 08:43:06,1.1422141E-05
2025-02-02 08:43:08,1.1896606E-05
2025-02-02 08:43:09,1.1896606E-05
2025-02-02 08:43:11,1.1398676E-05
2025-02-02 08:43:12,1.1398676E-05
2025-02-02 08:43:14,1.1398676E-05
2025-02-02 08:43:15,1.0764558E-05
2025-02-02 08:43:17,1.0764558E-05
2025-02-02 08:43:18,1.0764558E-05
2025-02-02 08:43:20,1.0117566E-05
2025-02-02 08:43:21,1.0117566E-05
2025-02-02 08:43:23,1.0509712E-05
2025-02-02 08:43:24,1.0509712E-05
2025-02-02 08:43:25,1.0509712E-05
2025-02-02 08:43:27,1.1071222E-05
2025-02-02 08:43:28,1.1071222E-05
2025-02-02 08:43:30,1.1347162E-05
2025-02-02 08:43:31,1.1347162E-05
2025-02-02 08:43:33,1.1347162E-05
2025-02-02 08:43:34,1.2206009E-05
2025-02-02 08:43:36,1.2206009E-05
2025-02-02 08:43:37,1.2206009E-05
2025-02-02 08:43:39,1.3122837E-05
2025-02-02 08:43:40,1.3122837E-05
2025-02-02 08:43:42,1.3456628E-05
2025-02-02 08:43:43,1.3456628E-05
2025-02-02 08:43:45,1.3456628E-05
2025-02-02 08:43:46,1.2856022E-05
2025-02-02 08:43:48,1.2856022E-05
2025-02-02 08:43:49,1.0545844E-05
2025-02-02 08:43:51,1.0545844E-05
2025-02-02 08:43:52,1.0545844E-05
2025-02-02 08:43:54,1.1643271E-05
2025-02-02 08:43:55,1.1643271E-05
2025-02-02 08:43:57,1.1643271E-05
2025-02-02 08:43:58,1.1220599E-05
2025-02-02 08:44:00,1.1220599E-05
2025-02-02 08:44:01,1.2745935E-05
2025-02-02 08:44:03,1.2745935E-05
2025-02-02 08:44:04,1.2745935E-05
2025-02-02 08:44:06,1.1710509E-05
2025-02-02 08:44:07,1.1710509E-05
2025-02-02 08:44:09,1.1710509E-05
2025-02-02 08:44:10,1.1305206E-05
2025-02-02 08:44:12,1.1305206E-05
2025-02-02 08:44:13,1.1380782E-05
2025-02-02 08:44:15,1.1380782E-05
2025-02-02 08:44:16,1.1380782E-05
2025-02-02 08:44:18,1.1807738E-05
2025-02-02 08:44:19,1.1807738E-05
2025-02-02 08:44:21,1.1807738E-05
2025-02-02 08:44:22,1.1807738E-05
2025-02-02 08:44:24,1.1807738E-05
2025-02-02 08:44:25,1.2016592E-05
2025-02-02 08:44:27,1.2016592E-05
2025-02-02 08:44:28,1.2016592E-05
2025-02-02 08:44:30,1.2133179E-05
2025-02-02 08:44:31,1.2133179E-05
2025-02-02 08:44:33,1.2133179E-05
2025-02-02 08:44:34,1.2133179E-05
2025-02-02 08:44:36,1.2133179E-05
2025-02-02 08:44:37,1.3218866E-05
2025-02-02 08:44:39,1.3218866E-05
2025-02-02 08:44:40,1.3385707E-05
2025-02-02 08:44:42,1.3385707E-05
2025-02-02 08:44:43,1.3385707E-05
2025-02-02 08:44:45,1.3624854E-05
2025-02-02 08:44:46,1.3624854E-05
2025-02-02 08:44:48,1.3624854E-05
2025-02-02 08:44:49,1.3624854E-05
2025-02-02 08:44:51,1.3624854E-05
2025-02-02 08:44:52,1.5367484E-05
2025-02-02 08:44:54,1.5367484E-05
2025-02-02 08:44:55,1.5367484E-05
2025-02-02 08:44:57,1.5186128E-05
2025-02-02 08:44:58,1.5186128E-05
2025-02-02 08:44:59,1.5186128E-05
2025-02-02 08:45:01,1.4567388E-05
2025-02-02 08:45:02,1.4567388E-05
2025-02-02 08:45:04,1.4567388E-05
2025-02-02 08:45:05,1.2141856E-05
2025-02-02 08:45:07,1.2141856E-05
2025-02-02 08:45:08,1.2141856E-05
2025-02-02 08:45:10,1.2358364E-05
2025-02-02 08:45:11,1.2358364E-05
2025-02-02 08:45:13,1.3263742E-05
2025-02-02 08:45:14,1.3263742E-05
2025-02-02 08:45:16,1.3263742E-05
2025-02-02 08:45:17,1.3474198E-05
2025-02-02 08:45:19,1.3474198E-05
2025-02-02 08:45:20,1.3407726E-05
2025-02-02 08:45:22,1.3407726E-05
2025-02-02 08:45:23,1.3407726E-05
2025-02-02 08:45:25,1.1975732E-05
2025-02-02 08:45:26,1.1975732E-05
2025-02-02 08:45:28,1.2365956E-05
2025-02-02 08:45:29,1.2365956E-05
2025-02-02 08:45:31,1.2365956E-05
2025-02-02 08:45:32,1.2809288E-05
2025-02-02 08:45:34,1.2809288E-05
2025-02-02 08:45:35,1.2810742E-05
2025-02-02 08:45:37,1.2810742E-05
2025-02-02 08:45:38,1.2810742E-05
2025-02-02 08:45:40,1.3247767E-05
2025-02-02 08:45:41,1.3247767E-05
2025-02-02 08:45:43,1.3247767E-05
2025-02-02 08:45:44,1.3410991E-05
2025-02-02 08:45:46,1.3410991E-05
2025-02-02 08:45:47,1.455024E-05
2025-02-02 08:45:49,1.455024E-05
2025-02-02 08:45:50,1.455024E-05
2025-02-02 08:45:52,1.455024E-05
2025-02-02 08:45:53,1.455024E-05
2025-02-02 08:45:55,1.429713E-05
2025-02-02 08:45:56,1.429713E-05
2025-02-02 08:45:58,1.429713E-05
2025-02-02 08:45:59,1.432595E-05
2025-02-02 08:46:01,1.432595E-05
2025-02-02 08:46:02,1.432595E-05
2025-02-02 08:46:04,1.4331717E-05
2025-02-02 08:46:05,1.4331717E-05
2025-02-02 08:46:07,1.4493599E-05
2025-02-02 08:46:08,1.4493599E-05
2025-02-02 08:46:10,1.4493599E-05
2025-02-02 08:46:11,1.4668129E-05
2025-02-02 08:46:13,1.4668129E-05
2025-02-02 08:46:14,1.4261343E-05
2025-02-02 08:46:16,1.4261343E-05
2025-02-02 08:46:17,1.4261343E-05
2025-02-02 08:46:19,1.4265946E-05
2025-02-02 08:46:20,1.4265946E-05
2025-02-02 08:46:22,1.4265946E-05
2025-02-02 08:46:23,1.4443358E-05
2025-02-02 08:46:25,1.4443358E-05
2025-02-02 08:46:26,1.3996672E-05
2025-02-02 08:46:28,1.3996672E-05
2025-02-02 08:46:29,1.3996672E-05
2025-02-02 08:46:31,1.4053725E-05
2025-02-02 08:46:32,1.4053725E-05
2025-02-02 08:46:34,1.4053737E-05
2025-02-02 08:46:35,1.4053737E-05
2025-02-02 08:46:37,1.4053737E-05
2025-02-02 08:46:38,1.3843559E-05
2025-02-02 08:46:40,1.3843559E-05
2025-02-02 08:46:41,1.3623504E-05
2025-02-02 08:46:43,1.3623504E-05
2025-02-02 08:46:44,1.3623504E-05
2025-02-02 08:46:46,1.3113988E-05
2025-02-02 08:46:47,1.3113988E-05
2025-02-02 08:46:48,1.3113988E-05
2025-02-02 08:46:50,1.2850125E-05
2025-02-02 08:46:52,1.2850125E-05
2025-02-02 08:46:53,1.2904788E-05
2025-02-02 08:46:55,1.2904788E-05
2025-02-02 08:46:56,1.2904788E-05
2025-02-02 08:46:58,1.2924544E-05
2025-02-02 08:46:59,1.2924544E-05
2025-02-02 08:47:01,1.2359297E-05
2025-02-02 08:47:02,1.2359297E-05
2025-02-02 08:47:04,1.2359297E-05
2025-02-02 08:47:05,1.2434379E-05
2025-02-02 08:47:07,1.2434379E-05
2025-02-02 08:47:08,1.2434379E-05
2025-02-02 08:47:10,1.2434379E-05
2025-02-02 08:47:11,1.2434379E-05
2025-02-02 08:47:13,1.2650152E-05
2025-02-02 08:47:14,1.2650152E-05
2025-02-02 08:47:16,1.2650152E-05
2025-02-02 08:47:17,1.2680508E-05
2025-02-02 08:47:19,1.2680508E-05
2025-02-02 08:47:20,1.240292E-05
2025-02-02 08:47:22,1.240292E-05
2025-02-02 08:47:23,1.240292E-05
2025-02-02 08:47:25,1.2510435E-05
2025-02-02 08:47:26,1.2510435E-05
2025-02-02 08:47:28,1.2510435E-05
2025-02-02 08:47:29,1.2575342E-05
2025-02-02 08:47:30,1.2575342E-05
2025-02-02 08:47:32,1.2575342E-05
2025-02-02 08:47:33,1.2575342E-05
2025-02-02 08:47:35,1.2575342E-05
2025-02-02 08:47:36,1.2629412E-05
2025-02-02 08:47:38,1.2629412E-05
2025-02-02 08:47:39,1.319862E-05
2025-02-02 08:47:41,1.319862E-05
2025-02-02 08:47:42,1.319862E-05
2025-02-02 08:47:44,1.319862E-05
2025-02-02 08:47:45,1.319862E-05
2025-02-02 08:47:47,1.319862E-05
2025-02-02 08:47:48,1.3073005E-05
2025-02-02 08:47:50,1.3073005E-05
2025-02-02 08:47:51,1.3117097E-05
2025-02-02 08:47:53,1.3117097E-05
2025-02-02 08:47:54,1.3117097E-05
2025-02-02 08:47:56,1.2913275E-05
2025-02-02 08:47:57,1.2913275E-05
2025-02-02 08:47:59,1.2913275E-05
2025-02-02 08:48:00,1.2797453E-05
2025-02-02 08:48:02,1.2797453E-05
2025-02-02 08:48:03,1.2797453E-05
2025-02-02 08:48:05,1.2797453E-05
2025-02-02 08:48:06,1.2797453E-05
2025-02-02 08:48:08,1.2797453E-05
2025-02-02 08:48:09,1.2797453E-05
2025-02-02 08:48:11,1.3026134E-05
2025-02-02 08:48:12,1.3026134E-05
2025-02-02 08:48:14,1.3026134E-05
2025-02-02 08:48:15,1.3026134E-05
2025-02-02 08:48:17,1.3026134E-05
2025-02-02 08:48:18,1.3026134E-05
2025-02-02 08:48:20,1.3026134E-05
2025-02-02 08:48:21,1.3026134E-05
2025-02-02 08:48:23,1.2618524E-05
2025-02-02 08:48:24,1.2618524E-05
2025-02-02 08:48:26,1.2618524E-05
2025-02-02 08:48:27,1.2580517E-05
2025-02-02 08:48:29,1.2580517E-05
2025-02-02 08:48:30,1.2216123E-05
2025-02-02 08:48:32,1.2216123E-05
2025-02-02 08:48:33,1.2216123E-05
2025-02-02 08:48:35,1.2859476E-05
2025-02-02 08:48:36,1.2859476E-05
2025-02-02 08:48:38,1.2348297E-05
2025-02-02 08:48:39,1.2348297E-05
2025-02-02 08:48:41,1.2348297E-05
2025-02-02 08:48:42,1.2348297E-05
2025-02-02 08:48:44,1.2455065E-05
2025-02-02 08:48:45,1.2455065E-05
2025-02-02 08:48:46,1.238938E-05
2025-02-02 08:48:48,1.238938E-05
2025-02-02 08:48:49,1.238938E-05
2025-02-02 08:48:51,1.232881E-05
2025-02-02 08:48:52,1.232881E-05
2025-02-02 08:48:54,1.2335269E-05
2025-02-02 08:48:55,1.2335269E-05
2025-02-02 08:48:57,1.2335269E-05
2025-02-02 08:48:58,1.2690686E-05
2025-02-02 08:49:00,1.2690686E-05
2025-02-02 08:49:01,1.3238806E-05
2025-02-02 08:49:03,1.3238806E-05
2025-02-02 08:49:04,1.3238806E-05
2025-02-02 08:49:06,1.3238806E-05
2025-02-02 08:49:07,1.3238806E-05
2025-02-02 08:49:09,1.3263866E-05
2025-02-02 08:49:10,1.3263866E-05
2025-02-02 08:49:12,1.3263866E-05
2025-02-02 08:49:13,1.3263866E-05
2025-02-02 08:49:15,1.3263866E-05
2025-02-02 08:49:16,1.3263866E-05
2025-02-02 08:49:18,1.3263866E-05
2025-02-02 08:49:19,1.3263866E-05
2025-02-02 08:49:21,1.3937497E-05
2025-02-02 08:49:22,1.3937497E-05
2025-02-02 08:49:24,1.3937497E-05
2025-02-02 08:49:25,1.4017172E-05
2025-02-02 08:49:27,1.4017172E-05
2025-02-02 08:49:28,1.4826398E-05
2025-02-02 08:49:30,1.4826398E-05
2025-02-02 08:49:31,1.4826398E-05
2025-02-02 08:49:33,1.4443883E-05
2025-02-02 08:49:34,1.4443883E-05
2025-02-02 08:49:36,1.4461411E-05
2025-02-02 08:49:37,1.4461411E-05
2025-02-02 08:49:39,1.4461411E-05
2025-02-02 08:49:40,1.4519351E-05
2025-02-02 08:49:42,1.4519351E-05
2025-02-02 08:49:43,1.4519351E-05
2025-02-02 08:49:45,1.4942538E-05
2025-02-02 08:49:46,1.4942538E-05
2025-02-02 08:49:48,1.5060214E-05
2025-02-02 08:49:49,1.5060214E-05
2025-02-02 08:49:51,1.5060214E-05
2025-02-02 08:49:52,1.6117927E-05
2025-02-02 08:49:54,1.6117927E-05
2025-02-02 08:49:55,1.6117927E-05
2025-02-02 08:49:57,1.3983061E-05
2025-02-02 08:49:58,1.3983061E-05
2025-02-02 08:50:00,1.3983061E-05
2025-02-02 08:50:01,1.484004E-05
2025-02-02 08:50:03,1.484004E-05
2025-02-02 08:50:04,1.5063657E-05
2025-02-02 08:50:05,1.5063657E-05
2025-02-02 08:50:07,1.5063657E-05
2025-02-02 08:50:08,1.4965396E-05
2025-02-02 08:50:10,1.4965396E-05
2025-02-02 08:50:11,1.4965396E-05
2025-02-02 08:50:13,1.5083353E-05
2025-02-02 08:50:14,1.5083353E-05
2025-02-02 08:50:16,1.4355031E-05
2025-02-02 08:50:17,1.4355031E-05
2025-02-02 08:50:19,1.4355031E-05
2025-02-02 08:50:20,1.4355031E-05
2025-02-02 08:50:22,1.4355031E-05
2025-02-02 08:50:23,1.519955E-05
2025-02-02 08:50:25,1.519955E-05
2025-02-02 08:50:26,1.519955E-05
2025-02-02 08:50:28,1.519955E-05
2025-02-02 08:50:29,1.519955E-05
2025-02-02 08:50:31,1.519955E-05
2025-02-02 08:50:32,1.5484426E-05
2025-02-02 08:50:34,1.5484426E-05
2025-02-02 08:50:35,1.5647215E-05
2025-02-02 08:50:37,1.5647215E-05
2025-02-02 08:50:38,1.5647215E-05
2025-02-02 08:50:40,1.5995006E-05
2025-02-02 08:50:41,1.5995006E-05
2025-02-02 08:50:43,1.5995006E-05
2025-02-02 08:50:44,1.477612E-05
2025-02-02 08:50:46,1.477612E-05
2025-02-02 08:50:47,1.5359561E-05
2025-02-02 08:50:49,1.5359561E-05
2025-02-02 08:50:50,1.5359561E-05
2025-02-02 08:50:52,1.5359561E-05
2025-02-02 08:50:53,1.5359561E-05
2025-02-02 08:50:54,1.5359561E-05
2025-02-02 08:50:56,1.5215711E-05
2025-02-02 08:50:57,1.5215711E-05
2025-02-02 08:50:59,1.502248E-05
2025-02-02 08:51:00,1.502248E-05
2025-02-02 08:51:02,1.502248E-05
2025-02-02 08:51:03,1.4687286E-05
2025-02-02 08:51:05,1.4687286E-05
2025-02-02 08:51:06,1.4687286E-05
2025-02-02 08:51:08,1.4687286E-05
2025-02-02 08:51:09,1.4687286E-05
2025-02-02 08:51:11,1.5458419E-05
2025-02-02 08:51:12,1.5458419E-05
2025-02-02 08:51:14,1.5458419E-05
2025-02-02 08:51:15,1.5458419E-05
2025-02-02 08:51:17,1.6719217E-05
2025-02-02 08:51:18,1.6719217E-05
2025-02-02 08:51:19,1.811499E-05
2025-02-02 08:51:21,1.811499E-05
2025-02-02 08:51:22,1.7354186E-05
2025-02-02 08:51:24,1.7354186E-05
2025-02-02 08:51:25,1.7354186E-05
2025-02-02 08:51:27,1.7354186E-05
2025-02-02 08:51:28,1.6169879E-05
2025-02-02 08:51:30,1.6169879E-05
2025-02-02 08:51:31,1.6094064E-05
2025-02-02 08:51:33,1.6094064E-05
2025-02-02 08:51:34,1.8226402E-05
2025-02-02 08:51:36,1.8226402E-05
2025-02-02 08:51:37,1.8226402E-05
2025-02-02 08:51:39,1.8226402E-05
2025-02-02 08:51:40,1.8226402E-05
2025-02-02 08:51:42,1.8226402E-05
2025-02-02 08:51:43,1.8226402E-05
2025-02-02 08:51:45,1.8226402E-05
2025-02-02 08:51:46,1.8226402E-05
2025-02-02 08:51:48,1.7975488E-05
2025-02-02 08:51:49,1.7975488E-05
2025-02-02 08:51:51,1.8234198E-05
2025-02-02 08:51:52,1.8234198E-05
2025-02-02 08:51:54,1.8234198E-05
2025-02-02 08:51:55,1.8955166E-05
2025-02-02 08:51:56,1.8955166E-05
2025-02-02 08:51:58,1.8955166E-05
2025-02-02 08:52:00,1.9248747E-05
2025-02-02 08:52:01,1.9248747E-05
2025-02-02 08:52:03,1.9133407E-05
2025-02-02 08:52:04,1.9133407E-05
2025-02-02 08:52:05,1.9133407E-05
2025-02-02 08:52:07,2.0693933E-05
2025-02-02 08:52:08,2.0693933E-05
2025-02-02 08:52:10,2.0693933E-05
2025-02-02 08:52:11,2.0755047E-05
2025-02-02 08:52:13,2.0755047E-05
2025-02-02 08:52:14,2.030062E-05
2025-02-02 08:52:16,2.030062E-05
2025-02-02 08:52:17,2.030062E-05
2025-02-02 08:52:19,2.1492563E-05
2025-02-02 08:52:20,2.1492563E-05
2025-02-02 08:52:22,2.1492563E-05
2025-02-02 08:52:23,2.1598499E-05
2025-02-02 08:52:25,2.1598499E-05
2025-02-02 08:52:26,2.1598499E-05
2025-02-02 08:52:28,2.2167074E-05
2025-02-02 08:52:29,2.2167074E-05
2025-02-02 08:52:31,2.2071607E-05
2025-02-02 08:52:32,2.2071607E-05
2025-02-02 08:52:34,2.2071607E-05
2025-02-02 08:52:35,2.1833053E-05
2025-02-02 08:52:36,2.1833053E-05
2025-02-02 08:52:38,2.1833053E-05
2025-02-02 08:52:39,2.2542707E-05
2025-02-02 08:52:41,2.2542707E-05
2025-02-02 08:52:42,2.2629584E-05
2025-02-02 08:52:44,2.2629584E-05
2025-02-02 08:52:45,2.2629584E-05
2025-02-02 08:52:47,2.1263871E-05
2025-02-02 08:52:48,2.1263871E-05
2025-02-02 08:52:50,2.0533933E-05
2025-02-02 08:52:51,2.0533933E-05
2025-02-02 08:52:53,2.0533933E-05
2025-02-02 08:52:54,1.9402188E-05
2025-02-02 08:52:56,1.9402188E-05
2025-02-02 08:52:57,1.9402188E-05
2025-02-02 08:52:59,1.8176463E-05
2025-02-02 08:53:00,1.8176463E-05
2025-02-02 08:53:02,1.9046568E-05
2025-02-02 08:53:03,1.9046568E-05
2025-02-02 08:53:05,1.9046568E-05
2025-02-02 08:53:06,1.87747E-05
2025-02-02 08:53:08,1.87747E-05
2025-02-02 08:53:09,1.87747E-05
2025-02-02 08:53:11,1.7409694E-05
2025-02-02 08:53:12,1.7409694E-05
2025-02-02 08:53:13,1.7409694E-05
2025-02-02 08:53:15,1.7463572E-05
2025-02-02 08:53:16,1.7463572E-05
2025-02-02 08:53:18,1.8504681E-05
2025-02-02 08:53:19,1.8504681E-05
2025-02-02 08:53:21,1.8504681E-05
2025-02-02 08:53:22,2.0375362E-05
2025-02-02 08:53:24,2.0375362E-05
2025-02-02 08:53:25,2.0375362E-05
2025-02-02 08:53:27,1.9005451E-05
2025-02-02 08:53:28,1.9005451E-05
2025-02-02 08:53:30,1.9671782E-05
2025-02-02 08:53:31,1.9671782E-05
2025-02-02 08:53:33,1.9617769E-05
2025-02-02 08:53:34,1.9617769E-05
2025-02-02 08:53:36,1.9617769E-05
2025-02-02 08:53:37,1.9987855E-05
2025-02-02 08:53:39,1.9987855E-05
2025-02-02 08:53:40,1.9987855E-05
2025-02-02 08:53:42,1.9987855E-05
2025-02-02 08:53:43,2.0028518E-05
2025-02-02 08:53:45,2.0028518E-05
2025-02-02 08:53:46,1.991945E-05
2025-02-02 08:53:47,1.991945E-05
2025-02-02 08:53:49,2.0096354E-05
2025-02-02 08:53:50,2.0096354E-05
2025-02-02 08:53:52,2.0096354E-05
2025-02-02 08:53:53,1.9698312E-05
2025-02-02 08:53:55,1.9698312E-05
2025-02-02 08:53:56,1.9698312E-05
2025-02-02 08:53:58,1.9833023E-05
2025-02-02 08:53:59,1.9833023E-05
2025-02-02 08:54:01,2.1205515E-05
2025-02-02 08:54:02,2.1205515E-05
2025-02-02 08:54:04,2.1205515E-05
2025-02-02 08:54:05,2.0078314E-05
2025-02-02 08:54:07,2.0078314E-05
2025-02-02 08:54:08,2.0129492E-05
2025-02-02 08:54:09,2.0129492E-05
2025-02-02 08:54:11,2.0129492E-05
2025-02-02 08:54:13,2.0377695E-05
2025-02-02 08:54:14,2.0377695E-05
2025-02-02 08:54:16,2.0377695E-05
2025-02-02 08:54:17,2.0377695E-05
2025-02-02 08:54:19,2.0377695E-05
2025-02-02 08:54:20,1.9933277E-05
2025-02-02 08:54:22,1.9933277E-05
2025-02-02 08:54:23,1.9933277E-05
2025-02-02 08:54:25,2.0055194E-05
2025-02-02 08:54:26,2.0055194E-05
2025-02-02 08:54:28,1.9582142E-05
2025-02-02 08:54:29,1.9582142E-05
2025-02-02 08:54:31,1.9582142E-05
2025-02-02 08:54:32,1.9959285E-05
2025-02-02 08:54:34,1.9959285E-05
2025-02-02 08:54:35,1.9959285E-05
2025-02-02 08:54:37,1.9959285E-05
2025-02-02 08:54:38,1.9302649E-05
2025-02-02 08:54:40,1.9302649E-05
2025-02-02 08:54:41,1.9337196E-05
2025-02-02 08:54:43,1.9337196E-05
2025-02-02 08:54:44,1.8982749E-05
2025-02-02 08:54:46,1.8982749E-05
2025-02-02 08:54:47,1.8982749E-05
2025-02-02 08:54:49,1.8814479E-05
2025-02-02 08:54:50,1.8814479E-05
2025-02-02 08:54:52,1.8814479E-05
2025-02-02 08:54:53,1.8887905E-05
2025-02-02 08:54:55,1.8887905E-05
2025-02-02 08:54:56,1.8940598E-05
2025-02-02 08:54:57,1.8940598E-05
2025-02-02 08:54:59,1.8940598E-05
2025-02-02 08:55:00,1.7469154E-05
2025-02-02 08:55:02,1.7469154E-05
2025-02-02 08:55:03,1.7469154E-05
2025-02-02 08:55:05,1.7478017E-05
2025-02-02 08:55:06,1.7478017E-05
2025-02-02 08:55:08,1.798817E-05
2025-02-02 08:55:09,1.798817E-05
2025-02-02 08:55:11,1.798817E-05
2025-02-02 08:55:12,1.798817E-05
2025-02-02 08:55:14,1.8020339E-05
2025-02-02 08:55:15,1.8084623E-05
2025-02-02 08:55:17,1.8084623E-05
2025-02-02 08:55:18,1.8084623E-05
2025-02-02 08:55:20,1.8213534E-05
2025-02-02 08:55:21,1.8213534E-05
2025-02-02 08:55:23,1.8213534E-05
2025-02-02 08:55:24,1.8086509E-05
2025-02-02 08:55:26,1.8086509E-05
2025-02-02 08:55:27,1.7944421E-05
2025-02-02 08:55:29,1.7944421E-05
2025-02-02 08:55:30,1.7944421E-05
2025-02-02 08:55:32,1.8008568E-05
2025-02-02 08:55:33,1.8008568E-05
2025-02-02 08:55:35,1.8008568E-05
2025-02-02 08:55:36,1.9448736E-05
2025-02-02 08:55:38,1.9448736E-05
2025-02-02 08:55:39,1.9589095E-05
2025-02-02 08:55:41,1.9589095E-05
2025-02-02 08:55:42,1.9589095E-05
2025-02-02 08:55:44,1.9726597E-05
2025-02-02 08:55:45,1.9726597E-05
2025-02-02 08:55:47,2.0831604E-05
2025-02-02 08:55:48,2.0831604E-05
2025-02-02 08:55:50,2.0831604E-05
2025-02-02 08:55:51,2.0237013E-05
2025-02-02 08:55:53,2.0237013E-05
2025-02-02 08:55:54,2.0237013E-05
2025-02-02 08:55:56,2.0290016E-05
2025-02-02 08:55:57,2.0290016E-05
2025-02-02 08:55:59,1.9858921E-05
2025-02-02 08:56:00,1.9858921E-05
2025-02-02 08:56:02,1.9858921E-05
2025-02-02 08:56:03,1.8962711E-05
2025-02-02 08:56:05,1.8962711E-05
2025-02-02 08:56:06,1.8962711E-05
2025-02-02 08:56:08,1.9039186E-05
2025-02-02 08:56:09,1.9039186E-05
2025-02-02 08:56:11,1.9126493E-05
2025-02-02 08:56:12,1.9126493E-05
2025-02-02 08:56:13,1.9126493E-05
2025-02-02 08:56:15,1.9212529E-05
2025-02-02 08:56:16,1.9212529E-05
2025-02-02 08:56:18,1.9212529E-05
2025-02-02 08:56:19,1.9173228E-05
2025-02-02 08:56:21,1.9173228E-05
2025-02-02 08:56:22,1.9217022E-05
2025-02-02 08:56:24,1.9217022E-05
2025-02-02 08:56:25,1.9217022E-05
2025-02-02 08:56:27,1.9442974E-05
2025-02-02 08:56:28,1.9442974E-05
2025-02-02 08:56:30,1.9442974E-05
2025-02-02 08:56:31,1.9777652E-05
2025-02-02 08:56:33,1.9777652E-05
2025-02-02 08:56:34,1.9844929E-05
2025-02-02 08:56:36,1.9844929E-05
2025-02-02 08:56:37,1.9844929E-05
2025-02-02 08:56:39,1.9844929E-05
2025-02-02 08:56:40,1.9844929E-05
2025-02-02 08:56:41,1.9993341E-05
2025-02-02 08:56:43,1.9993341E-05
2025-02-02 08:56:44,1.9993341E-05
2025-02-02 08:56:46,1.9993341E-05
2025-02-02 08:56:47,1.9993341E-05
2025-02-02 08:56:49,1.9993341E-05
2025-02-02 08:56:50,1.9993341E-05
2025-02-02 08:56:52,1.9993341E-05
2025-02-02 08:56:53,2.0374572E-05
2025-02-02 08:56:55,2.0374572E-05
2025-02-02 08:56:56,2.0374572E-05
2025-02-02 08:56:58,2.0158113E-05
2025-02-02 08:56:59,2.0158113E-05
2025-02-02 08:57:01,2.0158113E-05
2025-02-02 08:57:02,1.8516972E-05
2025-02-02 08:57:04,1.8516972E-05
2025-02-02 08:57:05,1.8307674E-05
2025-02-02 08:57:07,1.8307674E-05
2025-02-02 08:57:08,1.8307674E-05
2025-02-02 08:57:10,1.844022E-05
2025-02-02 08:57:11,1.844022E-05
2025-02-02 08:57:13,1.8435292E-05
2025-02-02 08:57:14,1.8435292E-05
2025-02-02 08:57:16,1.8435292E-05
2025-02-02 08:57:17,1.8630475E-05
2025-02-02 08:57:19,1.8630475E-05
2025-02-02 08:57:20,1.8630475E-05
2025-02-02 08:57:22,1.8761166E-05
2025-02-02 08:57:23,1.8761166E-05
2025-02-02 08:57:25,1.9023918E-05
2025-02-02 08:57:26,1.9023918E-05
2025-02-02 08:57:27,1.9023918E-05
2025-02-02 08:57:29,1.9023918E-05
2025-02-02 08:57:30,1.9023918E-05
2025-02-02 08:57:32,1.9023918E-05
2025-02-02 08:57:33,1.8459138E-05
2025-02-02 08:57:35,1.8459138E-05
2025-02-02 08:57:36,1.8459138E-05
2025-02-02 08:57:38,1.9789932E-05
2025-02-02 08:57:39,1.9789932E-05
2025-02-02 08:57:41,2.0591807E-05
2025-02-02 08:57:42,2.0591807E-05
2025-02-02 08:57:44,2.0591807E-05
2025-02-02 08:57:45,2.1352971E-05
2025-02-02 08:57:47,2.1352971E-05
2025-02-02 08:57:48,2.1352971E-05
2025-02-02 08:57:50,2.1375424E-05
2025-02-02 08:57:51,2.1375424E-05
2025-02-02 08:57:53,1.9384628E-05
2025-02-02 08:57:54,1.9384628E-05
2025-02-02 08:57:56,1.9384628E-05
2025-02-02 08:57:57,1.7613954E-05
2025-02-02 08:57:58,1.7613954E-05
2025-02-02 08:58:00,1.9589157E-05
2025-02-02 08:58:01,1.9589157E-05
2025-02-02 08:58:03,1.9589157E-05
2025-02-02 08:58:04,1.9589157E-05
2025-02-02 08:58:06,2.011734E-05
2025-02-02 08:58:07,2.011734E-05
2025-02-02 08:58:09,2.0252998E-05
2025-02-02 08:58:10,2.0252998E-05
2025-02-02 08:58:12,2.0054392E-05
2025-02-02 08:58:13,2.0054392E-05
2025-02-02 08:58:15,2.0054392E-05
2025-02-02 08:58:16,1.9553508E-05
2025-02-02 08:58:18,1.9553508E-05
2025-02-02 08:58:19,1.9553508E-05
2025-02-02 08:58:21,1.8886909E-05
2025-02-02 08:58:22,1.8886909E-05
2025-02-02 08:58:24,1.8558838E-05
2025-02-02 08:58:25,1.8558838E-05
2025-02-02 08:58:27,1.8558838E-05
2025-02-02 08:58:28,1.8531308E-05
2025-02-02 08:58:29,1.8531308E-05
2025-02-02 08:58:31,1.859635E-05
2025-02-02 08:58:32,1.859635E-05
2025-02-02 08:58:34,1.859635E-05
2025-02-02 08:58:35,1.859635E-05
2025-02-02 08:58:37,1.8864214E-05
2025-02-02 08:58:38,1.8864214E-05
2025-02-02 08:58:40,1.8741738E-05
2025-02-02 08:58:41,1.8741738E-05
2025-02-02 08:58:43,1.861902E-05
2025-02-02 08:58:44,1.861902E-05
2025-02-02 08:58:46,1.861902E-05
2025-02-02 08:58:47,1.8715104E-05
2025-02-02 08:58:49,1.8715104E-05
2025-02-02 08:58:50,1.8715104E-05
2025-02-02 08:58:52,1.9996686E-05
2025-02-02 08:58:53,1.9996686E-05
2025-02-02 08:58:55,2.095732E-05
2025-02-02 08:58:56,2.095732E-05
2025-02-02 08:58:57,2.095732E-05
2025-02-02 08:58:59,2.0026769E-05
2025-02-02 08:59:00,2.0026769E-05
2025-02-02 08:59:02,1.9030434E-05
2025-02-02 08:59:03,1.9030434E-05
2025-02-02 08:59:05,1.9030434E-05
2025-02-02 08:59:06,1.8897573E-05
2025-02-02 08:59:08,1.8897573E-05
2025-02-02 08:59:09,1.8897573E-05
2025-02-02 08:59:11,1.8897573E-05
2025-02-02 08:59:12,1.8897573E-05
2025-02-02 08:59:14,1.8897573E-05
2025-02-02 08:59:15,1.8861554E-05
2025-02-02 08:59:17,1.8861554E-05
2025-02-02 08:59:18,1.8927152E-05
2025-02-02 08:59:20,1.8927152E-05
2025-02-02 08:59:21,1.8927152E-05
2025-02-02 08:59:22,1.8927152E-05
2025-02-02 08:59:24,1.8927152E-05
2025-02-02 08:59:25,1.8927152E-05
2025-02-02 08:59:27,1.8927152E-05
2025-02-02 08:59:28,1.8927152E-05
2025-02-02 08:59:30,1.8979712E-05
2025-02-02 08:59:31,1.8979712E-05
2025-02-02 08:59:33,1.8979712E-05
2025-02-02 08:59:34,1.8874449E-05
2025-02-02 08:59:36,1.8874449E-05
2025-02-02 08:59:37,1.9137609E-05
2025-02-02 08:59:39,1.9137609E-05
2025-02-02 08:59:40,1.9137609E-05
2025-02-02 08:59:42,1.8560946E-05
2025-02-02 08:59:43,1.8560946E-05
2025-02-02 08:59:45,1.8560946E-05
2025-02-02 08:59:46,1.8717305E-05
2025-02-02 08:59:48,1.8717305E-05
2025-02-02 08:59:49,1.8717305E-05
2025-02-02 08:59:51,1.8717305E-05
2025-02-02 08:59:52,1.8717305E-05
2025-02-02 08:59:54,1.8782648E-05
2025-02-02 08:59:55,1.8782648E-05
2025-02-02 08:59:57,1.8782648E-05
2025-02-02 08:59:58,1.7640023E-05
2025-02-02 08:59:59,1.7640023E-05
2025-02-02 09:00:01,1.7964719E-05
2025-02-02 09:00:02,1.7964719E-05
2025-02-02 09:00:04,1.7964719E-05
2025-02-02 09:00:05,1.8805751E-05
2025-02-02 09:00:07,1.8805751E-05
2025-02-02 09:00:08,1.8805751E-05
2025-02-02 09:00:10,1.8805751E-05
2025-02-02 09:00:11,1.8805751E-05
2025-02-02 09:00:13,1.8814741E-05
2025-02-02 09:00:14,1.8814741E-05
2025-02-02 09:00:16,1.8814741E-05
2025-02-02 09:00:17,1.8695551E-05
2025-02-02 09:00:19,1.8695551E-05
2025-02-02 09:00:20,1.8826257E-05
2025-02-02 09:00:22,1.8826257E-05
2025-02-02 09:00:23,1.8826257E-05
2025-02-02 09:00:25,1.8826257E-05
2025-02-02 09:00:26,1.8826257E-05
2025-02-02 09:00:28,1.8826257E-05
2025-02-02 09:00:29,1.8853218E-05
2025-02-02 09:00:31,1.8853218E-05
2025-02-02 09:00:32,1.9076164E-05
2025-02-02 09:00:34,1.9076164E-05
2025-02-02 09:00:35,1.9076164E-05
2025-02-02 09:00:37,1.9008401E-05
2025-02-02 09:00:38,1.9008401E-05
2025-02-02 09:00:40,1.9008401E-05
2025-02-02 09:00:41,1.9008401E-05
2025-02-02 09:00:43,1.9008401E-05
2025-02-02 09:00:44,1.9140189E-05
2025-02-02 09:00:45,1.9140189E-05
2025-02-02 09:00:47,1.9259187E-05
2025-02-02 09:00:48,1.9259187E-05
2025-02-02 09:00:50,1.9259187E-05
2025-02-02 09:00:51,1.9259187E-05
2025-02-02 09:00:53,1.9259187E-05
2025-02-02 09:00:54,1.9259187E-05
2025-02-02 09:00:56,1.9272432E-05
2025-02-02 09:00:57,1.9272432E-05
2025-02-02 09:00:59,1.9269617E-05
2025-02-02 09:01:00,1.9269617E-05
2025-02-02 09:01:02,1.9269617E-05
2025-02-02 09:01:03,1.9147653E-05
2025-02-02 09:01:05,1.9147653E-05
2025-02-02 09:01:06,1.521347E-05
2025-02-02 09:01:08,1.521347E-05
2025-02-02 09:01:09,1.521347E-05
2025-02-02 09:01:11,1.6012064E-05
2025-02-02 09:01:12,1.6012064E-05
2025-02-02 09:01:14,1.6012064E-05
2025-02-02 09:01:15,1.6868202E-05
2025-02-02 09:01:17,1.6868202E-05
2025-02-02 09:01:18,1.6868202E-05
2025-02-02 09:01:20,1.4714022E-05
2025-02-02 09:01:21,1.4714022E-05
2025-02-02 09:01:22,1.5067817E-05
2025-02-02 09:01:24,1.5067817E-05
2025-02-02 09:01:25,1.5067817E-05
2025-02-02 09:01:27,1.3191866E-05
2025-02-02 09:01:28,1.3191866E-05
2025-02-02 09:01:30,1.5510873E-05
2025-02-02 09:01:31,1.5510873E-05
2025-02-02 09:01:33,1.5510873E-05
2025-02-02 09:01:34,1.5540508E-05
2025-02-02 09:01:36,1.5540508E-05
2025-02-02 09:01:37,1.5540508E-05
2025-02-02 09:01:39,1.4448067E-05
2025-02-02 09:01:40,1.4448067E-05
2025-02-02 09:01:42,1.4448067E-05
2025-02-02 09:01:43,1.4309057E-05
2025-02-02 09:01:45,1.4309057E-05
2025-02-02 09:01:46,1.4363801E-05
2025-02-02 09:01:48,1.4363801E-05
2025-02-02 09:01:49,1.4363801E-05
2025-02-02 09:01:51,1.5057387E-05
2025-02-02 09:01:52,1.5057387E-05
2025-02-02 09:01:54,1.5092494E-05
2025-02-02 09:01:55,1.5092494E-05
2025-02-02 09:01:57,1.5092494E-05
2025-02-02 09:01:58,1.5010273E-05
2025-02-02 09:02:00,1.5010273E-05
2025-02-02 09:02:01,1.5010273E-05
2025-02-02 09:02:03,1.5516583E-05
2025-02-02 09:02:04,1.5516583E-05
2025-02-02 09:02:06,1.5516583E-05
2025-02-02 09:02:07,1.6529857E-05
2025-02-02 09:02:09,1.6529857E-05
2025-02-02 09:02:10,1.679101E-05
2025-02-02 09:02:12,1.679101E-05
2025-02-02 09:02:13,1.679101E-05
2025-02-02 09:02:15,1.6016823E-05
2025-02-02 09:02:16,1.6016823E-05
2025-02-02 09:02:18,1.6117864E-05
2025-02-02 09:02:19,1.6117864E-05
2025-02-02 09:02:21,1.6117864E-05
2025-02-02 09:02:22,1.829949E-05
2025-02-02 09:02:24,1.829949E-05
2025-02-02 09:02:25,1.829949E-05
2025-02-02 09:02:27,1.7675771E-05
2025-02-02 09:02:28,1.7675771E-05
2025-02-02 09:02:30,1.6834214E-05
2025-02-02 09:02:31,1.6834214E-05
2025-02-02 09:02:32,1.6834214E-05
2025-02-02 09:02:34,1.6858947E-05
2025-02-02 09:02:35,1.6858947E-05
2025-02-02 09:02:37,1.6858947E-05
2025-02-02 09:02:38,1.6732663E-05
2025-02-02 09:02:40,1.6732663E-05
2025-02-02 09:02:41,1.8680607E-05
2025-02-02 09:02:43,1.8680607E-05
2025-02-02 09:02:44,1.8680607E-05
2025-02-02 09:02:46,1.8926817E-05
2025-02-02 09:02:47,1.8926817E-05
2025-02-02 09:02:49,1.669107E-05
2025-02-02 09:02:50,1.669107E-05
2025-02-02 09:02:52,1.669107E-05
2025-02-02 09:02:53,1.685965E-05
2025-02-02 09:02:55,1.685965E-05
2025-02-02 09:02:56,1.685965E-05
2025-02-02 09:02:58,1.6922769E-05
2025-02-02 09:02:59,1.6922769E-05
2025-02-02 09:03:01,1.6802603E-05
2025-02-02 09:03:02,1.6802603E-05
2025-02-02 09:03:04,1.6802603E-05
2025-02-02 09:03:06,1.6400952E-05
2025-02-02 09:03:07,1.6400952E-05
2025-02-02 09:03:09,1.6257355E-05
2025-02-02 09:03:10,1.6257355E-05
2025-02-02 09:03:12,1.6145985E-05
2025-02-02 09:03:13,1.6145985E-05
2025-02-02 09:03:15,1.6145985E-05
2025-02-02 09:03:16,1.6145985E-05
2025-02-02 09:03:18,1.6038218E-05
2025-02-02 09:03:19,1.6038218E-05
2025-02-02 09:03:21,1.6038218E-05
2025-02-02 09:03:22,1.6038218E-05
2025-02-02 09:03:24,1.58132E-05
2025-02-02 09:03:25,1.58132E-05
2025-02-02 09:03:27,1.58132E-05
2025-02-02 09:03:28,1.5993316E-05
2025-02-02 09:03:30,1.5993316E-05
2025-02-02 09:03:31,1.5993316E-05
2025-02-02 09:03:33,1.5993316E-05
2025-02-02 09:03:34,1.5993316E-05
2025-02-02 09:03:36,1.5999337E-05
2025-02-02 09:03:37,1.5999337E-05
2025-02-02 09:03:39,1.5999337E-05
2025-02-02 09:03:40,1.5623608E-05
2025-02-02 09:03:42,1.5623608E-05
2025-02-02 09:03:43,1.551257E-05
2025-02-02 09:03:45,1.551257E-05
2025-02-02 09:03:46,1.551257E-05
2025-02-02 09:03:48,1.4724575E-05
2025-02-02 09:03:49,1.4724575E-05
2025-02-02 09:03:51,1.4724575E-05
2025-02-02 09:03:52,1.4775044E-05
2025-02-02 09:03:54,1.4775044E-05
2025-02-02 09:03:55,1.5074663E-05
2025-02-02 09:03:56,1.5074663E-05
2025-02-02 09:03:58,1.5074663E-05
2025-02-02 09:03:59,1.5003491E-05
2025-02-02 09:04:01,1.5003491E-05
2025-02-02 09:04:02,1.5003491E-05
2025-02-02 09:04:04,1.4867055E-05
2025-02-02 09:04:05,1.4867055E-05
2025-02-02 09:04:07,1.4918341E-05
2025-02-02 09:04:08,1.4918341E-05
2025-02-02 09:04:10,1.4918341E-05
2025-02-02 09:04:11,1.4918341E-05
2025-02-02 09:04:13,1.4918341E-05
2025-02-02 09:04:14,1.4919504E-05
2025-02-02 09:04:16,1.4919504E-05
2025-02-02 09:04:17,1.4919504E-05
2025-02-02 09:04:19,1.4919504E-05
2025-02-02 09:04:20,1.4919504E-05
2025-02-02 09:04:22,1.4919504E-05
2025-02-02 09:04:23,1.4942769E-05
2025-02-02 09:04:25,1.4942769E-05
2025-02-02 09:04:26,1.5001012E-05
2025-02-02 09:04:28,1.5001012E-05
2025-02-02 09:04:29,1.5001012E-05
2025-02-02 09:04:31,1.5001012E-05
2025-02-02 09:04:32,1.5001012E-05
2025-02-02 09:04:34,1.5117838E-05
2025-02-02 09:04:35,1.5117838E-05
2025-02-02 09:04:37,1.5117838E-05
2025-02-02 09:04:38,1.5474583E-05
2025-02-02 09:04:40,1.5474583E-05
2025-02-02 09:04:41,1.5474583E-05
2025-02-02 09:04:43,1.5591265E-05
2025-02-02 09:04:44,1.5591265E-05
2025-02-02 09:04:46,1.5591265E-05
2025-02-02 09:04:47,1.5442286E-05
2025-02-02 09:04:49,1.5442286E-05
2025-02-02 09:04:50,1.5442286E-05
2025-02-02 09:04:52,1.6123839E-05
2025-02-02 09:04:53,1.6123839E-05
2025-02-02 09:04:55,1.6073019E-05
2025-02-02 09:04:56,1.6073019E-05
2025-02-02 09:04:58,1.5544142E-05
2025-02-02 09:04:59,1.5544142E-05
2025-02-02 09:05:01,1.5544142E-05
2025-02-02 09:05:02,1.5999552E-05
2025-02-02 09:05:04,1.5999552E-05
2025-02-02 09:05:05,1.5369526E-05
2025-02-02 09:05:07,1.5369526E-05
2025-02-02 09:05:08,1.5369526E-05
2025-02-02 09:05:10,1.6645476E-05
2025-02-02 09:05:11,1.6645476E-05
2025-02-02 09:05:12,1.6645476E-05
2025-02-02 09:05:14,1.608657E-05
2025-02-02 09:05:15,1.608657E-05
2025-02-02 09:05:17,1.608657E-05
2025-02-02 09:05:18,1.6351138E-05
2025-02-02 09:05:20,1.6351138E-05
2025-02-02 09:05:21,1.6351138E-05
2025-02-02 09:05:23,1.619438E-05
2025-02-02 09:05:24,1.619438E-05
2025-02-02 09:05:26,1.6209279E-05
2025-02-02 09:05:27,1.6209279E-05
2025-02-02 09:05:29,1.6205521E-05
2025-02-02 09:05:30,1.6205521E-05
2025-02-02 09:05:32,1.6205521E-05
2025-02-02 09:05:33,1.6337836E-05
2025-02-02 09:05:35,1.6337836E-05
2025-02-02 09:05:36,1.6337836E-05
2025-02-02 09:05:38,1.6398711E-05
2025-02-02 09:05:39,1.6398711E-05
2025-02-02 09:05:41,1.6520799E-05
2025-02-02 09:05:42,1.6520799E-05
2025-02-02 09:05:44,1.6520799E-05
2025-02-02 09:05:45,1.585437E-05
2025-02-02 09:05:46,1.585437E-05
2025-02-02 09:05:48,1.577156E-05
2025-02-02 09:05:49,1.577156E-05
2025-02-02 09:05:51,1.577156E-05
2025-02-02 09:05:52,1.577156E-05
2025-02-02 09:05:54,1.577156E-05
2025-02-02 09:05:55,1.577156E-05
2025-02-02 09:05:57,1.6192593E-05
2025-02-02 09:05:58,1.6192593E-05
2025-02-02 09:06:00,1.6265325E-05
2025-02-02 09:06:01,1.6265325E-05
2025-02-02 09:06:03,1.6265325E-05
2025-02-02 09:06:04,1.6265325E-05
2025-02-02 09:06:06,1.6265325E-05
2025-02-02 09:06:07,1.593912E-05
2025-02-02 09:06:09,1.593912E-05
2025-02-02 09:06:10,1.593912E-05
2025-02-02 09:06:12,1.593912E-05
2025-02-02 09:06:13,1.593912E-05
2025-02-02 09:06:15,1.593912E-05
2025-02-02 09:06:16,1.593912E-05
2025-02-02 09:06:18,1.593912E-05
2025-02-02 09:06:19,1.5922976E-05
2025-02-02 09:06:21,1.5922976E-05
2025-02-02 09:06:22,1.5922976E-05
2025-02-02 09:06:24,1.5922976E-05
2025-02-02 09:06:25,1.5922976E-05
2025-02-02 09:06:27,1.5922976E-05
2025-02-02 09:06:28,1.5922976E-05
2025-02-02 09:06:30,1.5922976E-05
2025-02-02 09:06:31,1.5734496E-05
2025-02-02 09:06:32,1.5734496E-05
2025-02-02 09:06:34,1.5734496E-05
2025-02-02 09:06:35,1.5734496E-05
2025-02-02 09:06:37,1.5734496E-05
2025-02-02 09:06:38,1.5734496E-05
2025-02-02 09:06:40,1.5734496E-05
2025-02-02 09:06:41,1.5734496E-05
2025-02-02 09:06:43,1.5612866E-05
2025-02-02 09:06:44,1.5612866E-05
2025-02-02 09:06:46,1.5612368E-05
2025-02-02 09:06:47,1.5612368E-05
2025-02-02 09:06:49,1.5612368E-05
2025-02-02 09:06:50,1.5200217E-05
2025-02-02 09:06:52,1.5200217E-05
2025-02-02 09:06:53,1.5200217E-05
2025-02-02 09:06:55,1.5258928E-05
2025-02-02 09:06:56,1.5258928E-05
2025-02-02 09:06:58,1.5471221E-05
2025-02-02 09:06:59,1.5471221E-05
2025-02-02 09:07:01,1.5471221E-05
2025-02-02 09:07:02,1.5780454E-05
2025-02-02 09:07:04,1.5780454E-05
2025-02-02 09:07:05,1.5780454E-05
2025-02-02 09:07:07,1.5780454E-05
2025-02-02 09:07:08,1.5780454E-05
2025-02-02 09:07:10,1.5792408E-05
2025-02-02 09:07:11,1.5792408E-05
2025-02-02 09:07:13,1.5882211E-05
2025-02-02 09:07:14,1.5882211E-05
2025-02-02 09:07:16,1.5882211E-05
2025-02-02 09:07:17,1.5882211E-05
2025-02-02 09:07:19,1.5882211E-05
2025-02-02 09:07:20,1.5882211E-05
2025-02-02 09:07:22,1.5756938E-05
2025-02-02 09:07:23,1.5756938E-05
2025-02-02 09:07:25,1.5792787E-05
2025-02-02 09:07:26,1.5792787E-05
2025-02-02 09:07:28,1.5792787E-05
2025-02-02 09:07:29,1.5792787E-05
2025-02-02 09:07:31,1.5804746E-05
2025-02-02 09:07:32,1.5804746E-05
2025-02-02 09:07:34,1.5804746E-05
2025-02-02 09:07:35,1.5804746E-05
2025-02-02 09:07:36,1.5804746E-05
2025-02-02 09:07:38,1.5972647E-05
2025-02-02 09:07:39,1.5972647E-05
2025-02-02 09:07:41,1.5972647E-05
2025-02-02 09:07:42,1.5972647E-05
2025-02-02 09:07:44,1.5980003E-05
2025-02-02 09:07:45,1.5980003E-05
2025-02-02 09:07:47,1.5980003E-05
2025-02-02 09:07:48,1.5992033E-05
2025-02-02 09:07:50,1.5992033E-05
2025-02-02 09:07:51,1.5992033E-05
2025-02-02 09:07:53,1.5474488E-05
2025-02-02 09:07:54,1.5474488E-05
2025-02-02 09:07:56,1.5474488E-05
2025-02-02 09:07:57,1.5474488E-05
2025-02-02 09:07:59,1.5474488E-05
2025-02-02 09:08:00,1.6054897E-05
2025-02-02 09:08:02,1.6054897E-05
2025-02-02 09:08:03,1.6054897E-05
2025-02-02 09:08:05,1.6296894E-05
2025-02-02 09:08:06,1.6296894E-05
2025-02-02 09:08:08,1.633335E-05
2025-02-02 09:08:09,1.633335E-05
2025-02-02 09:08:11,1.633335E-05
2025-02-02 09:08:12,1.633335E-05
2025-02-02 09:08:14,1.633335E-05
2025-02-02 09:08:15,1.633335E-05
2025-02-02 09:08:17,1.633335E-05
2025-02-02 09:08:18,1.633335E-05
2025-02-02 09:08:20,1.6761669E-05
2025-02-02 09:08:21,1.6761669E-05
2025-02-02 09:08:23,1.6761669E-05
2025-02-02 09:08:24,1.6761669E-05
2025-02-02 09:08:26,1.6761669E-05
2025-02-02 09:08:27,1.7195521E-05
2025-02-02 09:08:29,1.7195521E-05
2025-02-02 09:08:30,1.7195521E-05
2025-02-02 09:08:32,1.6462151E-05
2025-02-02 09:08:33,1.6462151E-05
2025-02-02 09:08:35,1.6462151E-05
2025-02-02 09:08:36,1.6462151E-05
2025-02-02 09:08:38,1.6462151E-05
2025-02-02 09:08:39,1.6584431E-05
2025-02-02 09:08:40,1.6584431E-05
2025-02-02 09:08:42,1.6489269E-05
2025-02-02 09:08:43,1.6489269E-05
2025-02-02 09:08:45,1.6489269E-05
2025-02-02 09:08:46,1.5735681E-05
2025-02-02 09:08:48,1.5735681E-05
2025-02-02 09:08:49,1.5735681E-05
2025-02-02 09:08:51,1.5853051E-05
2025-02-02 09:08:52,1.5853051E-05
2025-02-02 09:08:54,1.5912988E-05
2025-02-02 09:08:55,1.5912988E-05
2025-02-02 09:08:57,1.5912988E-05
2025-02-02 09:08:58,1.5912988E-05
2025-02-02 09:09:00,1.5912988E-05
2025-02-02 09:09:01,1.5912988E-05
2025-02-02 09:09:03,1.6274985E-05
2025-02-02 09:09:04,1.6274985E-05
2025-02-02 09:09:06,1.6274985E-05
2025-02-02 09:09:07,1.6274985E-05
2025-02-02 09:09:09,1.6274985E-05
2025-02-02 09:09:10,1.6274985E-05
2025-02-02 09:09:12,1.6274985E-05
2025-02-02 09:09:13,1.6274985E-05
2025-02-02 09:09:15,1.6641047E-05
2025-02-02 09:09:16,1.6641047E-05
2025-02-02 09:09:17,1.6641047E-05
2025-02-02 09:09:19,1.6641047E-05
2025-02-02 09:09:20,1.6641047E-05
2025-02-02 09:09:22,1.6641047E-05
2025-02-02 09:09:23,1.6641047E-05
2025-02-02 09:09:25,1.6641047E-05
2025-02-02 09:09:26,1.6641047E-05
2025-02-02 09:09:28,1.6641047E-05
2025-02-02 09:09:29,1.6641047E-05
2025-02-02 09:09:31,1.6665596E-05
2025-02-02 09:09:33,1.6665596E-05
2025-02-02 09:09:34,1.6665596E-05
2025-02-02 09:09:36,1.6665596E-05
2025-02-02 09:09:37,1.6360597E-05
2025-02-02 09:09:39,1.6360597E-05
2025-02-02 09:09:40,1.6360597E-05
2025-02-02 09:09:42,1.6399672E-05
2025-02-02 09:09:43,1.6399672E-05
2025-02-02 09:09:45,1.6399672E-05
2025-02-02 09:09:46,1.6399672E-05
2025-02-02 09:09:47,1.6399672E-05
2025-02-02 09:09:49,1.6570638E-05
2025-02-02 09:09:50,1.6570638E-05
2025-02-02 09:09:52,1.6570638E-05
2025-02-02 09:09:53,1.6570638E-05
2025-02-02 09:09:55,1.6335664E-05
2025-02-02 09:09:57,1.6335664E-05
2025-02-02 09:09:58,1.6028616E-05
2025-02-02 09:10:00,1.6028616E-05
2025-02-02 09:10:01,1.6028616E-05
2025-02-02 09:10:03,1.6028616E-05
2025-02-02 09:10:04,1.6028616E-05
2025-02-02 09:10:06,1.5661331E-05
2025-02-02 09:10:07,1.5661331E-05
2025-02-02 09:10:09,1.5661331E-05
2025-02-02 09:10:10,1.5661331E-05
2025-02-02 09:10:12,1.5661331E-05
2025-02-02 09:10:13,1.5654102E-05
2025-02-02 09:10:15,1.5654102E-05
2025-02-02 09:10:16,1.5660172E-05
2025-02-02 09:10:17,1.5660172E-05
2025-02-02 09:10:19,1.5660172E-05
2025-02-02 09:10:20,1.5531207E-05
2025-02-02 09:10:22,1.5531207E-05
2025-02-02 09:10:23,1.5531207E-05
2025-02-02 09:10:25,1.5531207E-05
2025-02-02 09:10:26,1.5531207E-05
2025-02-02 09:10:28,1.5531207E-05
2025-02-02 09:10:29,1.5330588E-05
2025-02-02 09:10:31,1.5330588E-05
2025-02-02 09:10:32,1.5257999E-05
2025-02-02 09:10:34,1.5257999E-05
2025-02-02 09:10:35,1.5257999E-05
2025-02-02 09:10:37,1.5257999E-05
2025-02-02 09:10:38,1.5257999E-05
2025-02-02 09:10:40,1.5257999E-05
2025-02-02 09:10:41,1.5257999E-05
2025-02-02 09:10:43,1.5257999E-05
2025-02-02 09:10:44,1.408051E-05
2025-02-02 09:10:46,1.408051E-05
2025-02-02 09:10:47,1.3919407E-05
2025-02-02 09:10:49,1.3919407E-05
2025-02-02 09:10:50,1.3919407E-05
2025-02-02 09:10:52,1.3212749E-05
2025-02-02 09:10:53,1.3212749E-05
2025-02-02 09:10:55,1.3212749E-05
2025-02-02 09:10:56,1.3258838E-05
2025-02-02 09:10:58,1.3258838E-05
2025-02-02 09:10:59,1.4607447E-05
2025-02-02 09:11:01,1.4607447E-05
2025-02-02 09:11:02,1.4607447E-05
2025-02-02 09:11:03,1.466496E-05
2025-02-02 09:11:05,1.466496E-05
2025-02-02 09:11:06,1.3298016E-05
2025-02-02 09:11:08,1.3298016E-05
2025-02-02 09:11:09,1.3298016E-05
2025-02-02 09:11:11,1.2490612E-05
2025-02-02 09:11:12,1.2490612E-05
2025-02-02 09:11:14,1.2499112E-05
2025-02-02 09:11:15,1.2499112E-05
2025-02-02 09:11:17,1.2499112E-05
2025-02-02 09:11:18,1.2499112E-05
2025-02-02 09:11:20,1.2741476E-05
2025-02-02 09:11:21,1.2741476E-05
2025-02-02 09:11:23,1.2741476E-05
2025-02-02 09:11:24,1.2741476E-05
2025-02-02 09:11:26,1.2741476E-05
2025-02-02 09:11:27,1.2741476E-05
2025-02-02 09:11:29,1.2741476E-05
2025-02-02 09:11:30,1.2944883E-05
2025-02-02 09:11:32,1.2944883E-05
2025-02-02 09:11:33,1.310761E-05
2025-02-02 09:11:35,1.310761E-05
2025-02-02 09:11:36,1.310761E-05
2025-02-02 09:11:38,1.2002473E-05
2025-02-02 09:11:39,1.2002473E-05
2025-02-02 09:11:41,1.2002473E-05
2025-02-02 09:11:42,1.2233068E-05
2025-02-02 09:11:44,1.2233068E-05
2025-02-02 09:11:45,1.2254101E-05
2025-02-02 09:11:47,1.2254101E-05
2025-02-02 09:11:48,1.2254101E-05
2025-02-02 09:11:49,1.1831921E-05
2025-02-02 09:11:51,1.1831921E-05
2025-02-02 09:11:52,1.1831921E-05
2025-02-02 09:11:54,1.0919061E-05
2025-02-02 09:11:55,1.0919061E-05
2025-02-02 09:11:57,1.0919061E-05
2025-02-02 09:11:58,1.0431491E-05
2025-02-02 09:12:00,1.0431491E-05
