2025-02-05 13:34:08,
2025-02-05 13:34:09,6.9E-11
2025-02-05 13:34:11,6.9E-11
2025-02-05 13:34:12,6.9E-11
2025-02-05 13:34:14,7.2E-11
2025-02-05 13:34:15,7.2E-11
2025-02-05 13:34:17,7.2E-11
2025-02-05 13:34:18,7.2E-11
2025-02-05 13:34:20,7.2E-11
2025-02-05 13:34:21,7.2E-11
2025-02-05 13:34:23,7.2E-11
2025-02-05 13:34:24,7.2E-11
2025-02-05 13:34:26,7.3E-11
2025-02-05 13:34:27,7.3E-11
2025-02-05 13:34:29,7.3E-11
2025-02-05 13:34:30,7.3E-11
2025-02-05 13:34:32,7.3E-11
2025-02-05 13:34:33,7E-11
2025-02-05 13:34:35,7E-11
2025-02-05 13:34:36,7E-11
2025-02-05 13:34:38,7E-11
2025-02-05 13:34:39,7E-11
2025-02-05 13:34:41,7E-11
2025-02-05 13:34:42,7E-11
2025-02-05 13:34:44,7E-11
2025-02-05 13:34:45,6.5E-11
2025-02-05 13:34:47,6.5E-11
2025-02-05 13:34:48,6.5E-11
2025-02-05 13:34:50,6.5E-11
2025-02-05 13:34:51,6.5E-11
2025-02-05 13:34:53,6.3E-11
2025-02-05 13:34:54,6.3E-11
2025-02-05 13:34:56,6.3E-11
2025-02-05 13:34:57,5.7E-11
2025-02-05 13:34:58,5.7E-11
2025-02-05 13:35:00,5.7E-11
2025-02-05 13:35:01,5.7E-11
2025-02-05 13:35:03,5.7E-11
2025-02-05 13:35:04,5.7E-11
2025-02-05 13:35:06,5.7E-11
2025-02-05 13:35:07,5.7E-11
2025-02-05 13:35:09,5.3E-11
2025-02-05 13:35:10,5.3E-11
2025-02-05 13:35:12,5.3E-11
2025-02-05 13:35:14,5.3E-11
2025-02-05 13:35:15,5.3E-11
2025-02-05 13:35:17,5.5E-11
2025-02-05 13:35:18,5.5E-11
2025-02-05 13:35:20,5.5E-11
2025-02-05 13:35:21,5.5E-11
2025-02-05 13:35:23,5.5E-11
2025-02-05 13:35:24,5.5E-11
2025-02-05 13:35:26,5.5E-11
2025-02-05 13:35:27,5.5E-11
2025-02-05 13:35:29,5.5E-11
2025-02-05 13:35:30,5.5E-11
2025-02-05 13:35:32,5.5E-11
2025-02-05 13:35:33,5.9E-11
2025-02-05 13:35:35,5.9E-11
2025-02-05 13:35:36,6.2E-11
2025-02-05 13:35:38,6.2E-11
2025-02-05 13:35:39,6.2E-11
2025-02-05 13:35:41,6.2E-11
2025-02-05 13:35:42,6.2E-11
2025-02-05 13:35:44,6.8E-11
2025-02-05 13:35:45,6.8E-11
2025-02-05 13:35:47,6.8E-11
2025-02-05 13:35:48,6.8E-11
2025-02-05 13:35:50,6.8E-11
2025-02-05 13:35:51,6.8E-11
2025-02-05 13:35:53,6.8E-11
2025-02-05 13:35:54,6.8E-11
2025-02-05 13:35:56,6.9E-11
2025-02-05 13:35:57,6.9E-11
2025-02-05 13:35:59,6.9E-11
2025-02-05 13:36:00,6.9E-11
2025-02-05 13:36:02,6.9E-11
2025-02-05 13:36:03,6.9E-11
2025-02-05 13:36:05,6.9E-11
2025-02-05 13:36:06,6.9E-11
2025-02-05 13:36:08,6.9E-11
2025-02-05 13:36:09,6.9E-11
2025-02-05 13:36:11,6.9E-11
2025-02-05 13:36:12,5.9E-11
2025-02-05 13:36:14,5.9E-11
2025-02-05 13:36:15,6.1E-11
2025-02-05 13:36:17,6.1E-11
2025-02-05 13:36:18,6.1E-11
2025-02-05 13:36:20,6.5E-11
2025-02-05 13:36:21,6.5E-11
2025-02-05 13:36:23,6.5E-11
2025-02-05 13:36:24,6.5E-11
2025-02-05 13:36:26,6.5E-11
2025-02-05 13:36:27,6.5E-11
2025-02-05 13:36:29,6.5E-11
2025-02-05 13:36:30,6.5E-11
2025-02-05 13:36:32,6.5E-11
2025-02-05 13:36:33,6.5E-11
2025-02-05 13:36:35,6.5E-11
2025-02-05 13:36:36,7.7E-11
2025-02-05 13:36:38,7.7E-11
2025-02-05 13:36:39,7.7E-11
2025-02-05 13:36:40,7.7E-11
2025-02-05 13:36:42,7.7E-11
2025-02-05 13:36:43,7.7E-11
2025-02-05 13:36:45,7.7E-11
2025-02-05 13:36:46,8E-11
2025-02-05 13:36:48,8E-11
2025-02-05 13:36:49,8E-11
2025-02-05 13:36:51,7.9E-11
2025-02-05 13:36:52,7.9E-11
2025-02-05 13:36:54,7.9E-11
2025-02-05 13:36:55,7.9E-11
2025-02-05 13:36:57,7.9E-11
2025-02-05 13:36:58,7.9E-11
2025-02-05 13:37:00,7.9E-11
2025-02-05 13:37:01,9E-11
2025-02-05 13:37:03,9E-11
2025-02-05 13:37:04,9E-11
2025-02-05 13:37:06,8E-11
2025-02-05 13:37:07,8E-11
2025-02-05 13:37:09,8E-11
2025-02-05 13:37:10,7.9E-11
2025-02-05 13:37:12,7.9E-11
2025-02-05 13:37:13,7.9E-11
2025-02-05 13:37:15,7.9E-11
2025-02-05 13:37:16,7.9E-11
2025-02-05 13:37:18,7.9E-11
2025-02-05 13:37:19,9.1E-11
2025-02-05 13:37:21,9.1E-11
2025-02-05 13:37:22,9.1E-11
2025-02-05 13:37:24,9.1E-11
2025-02-05 13:37:25,9E-11
2025-02-05 13:37:27,9E-11
2025-02-05 13:37:28,9E-11
2025-02-05 13:37:30,9E-11
2025-02-05 13:37:31,9E-11
2025-02-05 13:37:33,9E-11
2025-02-05 13:37:34,9E-11
2025-02-05 13:37:36,9E-11
2025-02-05 13:37:37,9.3E-11
2025-02-05 13:37:39,9.3E-11
2025-02-05 13:37:40,9.3E-11
2025-02-05 13:37:42,9.9E-11
2025-02-05 13:37:43,9.9E-11
2025-02-05 13:37:45,9.9E-11
2025-02-05 13:37:46,9.9E-11
2025-02-05 13:37:48,9.9E-11
2025-02-05 13:37:49,9.9E-11
2025-02-05 13:37:51,9.9E-11
2025-02-05 13:37:52,9.9E-11
2025-02-05 13:37:54,9.9E-11
2025-02-05 13:37:55,9.9E-11
2025-02-05 13:37:57,9.7E-11
2025-02-05 13:37:58,9.7E-11
2025-02-05 13:38:00,9.7E-11
2025-02-05 13:38:01,9.7E-11
2025-02-05 13:38:03,9.7E-11
2025-02-05 13:38:04,1.1E-10
2025-02-05 13:38:06,1.1E-10
2025-02-05 13:38:07,1.1E-10
2025-02-05 13:38:09,1.1E-10
2025-02-05 13:38:10,1.1E-10
2025-02-05 13:38:12,1.1E-10
2025-02-05 13:38:13,1.1E-10
2025-02-05 13:38:15,1.1E-10
2025-02-05 13:38:16,1.1E-10
2025-02-05 13:38:18,1.1E-10
2025-02-05 13:38:19,1.1E-10
2025-02-05 13:38:21,1.1E-10
2025-02-05 13:38:22,1.1E-10
2025-02-05 13:38:24,1.1E-10
2025-02-05 13:38:25,1.1E-10
2025-02-05 13:38:27,1.1E-10
2025-02-05 13:38:28,1.1E-10
2025-02-05 13:38:29,1.1E-10
2025-02-05 13:38:31,1.07E-10
2025-02-05 13:38:32,1.07E-10
2025-02-05 13:38:34,1.07E-10
2025-02-05 13:38:35,1.06E-10
2025-02-05 13:38:37,1.06E-10
2025-02-05 13:38:38,1.06E-10
2025-02-05 13:38:40,9.6E-11
2025-02-05 13:38:41,9.6E-11
2025-02-05 13:38:43,9.6E-11
2025-02-05 13:38:44,9.6E-11
2025-02-05 13:38:46,9.6E-11
2025-02-05 13:38:47,9.6E-11
2025-02-05 13:38:49,9.6E-11
2025-02-05 13:38:50,9.6E-11
2025-02-05 13:38:52,9.6E-11
2025-02-05 13:38:53,9.6E-11
2025-02-05 13:38:55,9.8E-11
2025-02-05 13:38:56,9.8E-11
2025-02-05 13:38:58,8.4E-11
2025-02-05 13:38:59,8.4E-11
2025-02-05 13:39:01,8.4E-11
2025-02-05 13:39:02,8.4E-11
2025-02-05 13:39:04,8.4E-11
2025-02-05 13:39:05,8.4E-11
2025-02-05 13:39:07,6.6E-11
2025-02-05 13:39:08,6.6E-11
2025-02-05 13:39:10,6.6E-11
2025-02-05 13:39:11,6.6E-11
2025-02-05 13:39:13,6.6E-11
2025-02-05 13:39:14,6.6E-11
2025-02-05 13:39:16,7.1E-11
2025-02-05 13:39:17,7.1E-11
2025-02-05 13:39:19,6.7E-11
2025-02-05 13:39:20,6.7E-11
2025-02-05 13:39:22,6.7E-11
2025-02-05 13:39:23,6.7E-11
2025-02-05 13:39:25,6.7E-11
2025-02-05 13:39:26,6.7E-11
2025-02-05 13:39:28,6.7E-11
2025-02-05 13:39:29,6.7E-11
2025-02-05 13:39:31,6.7E-11
2025-02-05 13:39:32,6.7E-11
2025-02-05 13:39:34,6.7E-11
2025-02-05 13:39:35,6.7E-11
2025-02-05 13:39:37,6.7E-11
2025-02-05 13:39:38,6.7E-11
2025-02-05 13:39:40,6.7E-11
2025-02-05 13:39:41,6.7E-11
2025-02-05 13:39:43,6.7E-11
2025-02-05 13:39:44,6.7E-11
2025-02-05 13:39:46,6.7E-11
2025-02-05 13:39:47,6.7E-11
2025-02-05 13:39:49,6.7E-11
2025-02-05 13:39:50,7.2E-11
2025-02-05 13:39:52,7.2E-11
2025-02-05 13:39:53,6.8E-11
2025-02-05 13:39:55,6.8E-11
2025-02-05 13:39:56,6.8E-11
2025-02-05 13:39:58,6.8E-11
2025-02-05 13:39:59,6.8E-11
2025-02-05 13:40:01,6.8E-11
2025-02-05 13:40:02,6.8E-11
2025-02-05 13:40:04,6.8E-11
2025-02-05 13:40:05,6.7E-11
2025-02-05 13:40:07,6.7E-11
2025-02-05 13:40:08,6.7E-11
2025-02-05 13:40:10,6.7E-11
2025-02-05 13:40:11,6.7E-11
2025-02-05 13:40:13,6.7E-11
2025-02-05 13:40:14,6.7E-11
2025-02-05 13:40:16,6.7E-11
2025-02-05 13:40:18,6.7E-11
2025-02-05 13:40:19,6.7E-11
2025-02-05 13:40:21,7E-11
2025-02-05 13:40:22,7E-11
2025-02-05 13:40:24,7E-11
2025-02-05 13:40:25,7E-11
2025-02-05 13:40:27,7E-11
2025-02-05 13:40:28,7E-11
2025-02-05 13:40:30,7E-11
2025-02-05 13:40:31,7E-11
2025-02-05 13:40:33,7E-11
2025-02-05 13:40:34,7E-11
2025-02-05 13:40:36,7E-11
2025-02-05 13:40:37,7E-11
2025-02-05 13:40:39,7E-11
2025-02-05 13:40:40,7E-11
2025-02-05 13:40:42,7E-11
2025-02-05 13:40:43,7E-11
2025-02-05 13:40:45,7E-11
2025-02-05 13:40:46,7E-11
2025-02-05 13:40:48,7E-11
2025-02-05 13:40:49,6.8E-11
2025-02-05 13:40:51,6.8E-11
2025-02-05 13:40:52,6.8E-11
2025-02-05 13:40:54,6.8E-11
2025-02-05 13:40:55,6.8E-11
2025-02-05 13:40:57,6.7E-11
2025-02-05 13:40:58,6.7E-11
2025-02-05 13:41:00,6.7E-11
2025-02-05 13:41:01,6.7E-11
2025-02-05 13:41:03,6.7E-11
2025-02-05 13:41:04,6.7E-11
2025-02-05 13:41:06,6.7E-11
2025-02-05 13:41:07,6.7E-11
2025-02-05 13:41:09,6.7E-11
2025-02-05 13:41:10,6.7E-11
2025-02-05 13:41:12,6.7E-11
2025-02-05 13:41:13,6.7E-11
2025-02-05 13:41:15,6.7E-11
2025-02-05 13:41:16,6.7E-11
2025-02-05 13:41:18,6.7E-11
2025-02-05 13:41:19,6.7E-11
2025-02-05 13:41:21,6.7E-11
2025-02-05 13:41:22,6.7E-11
2025-02-05 13:41:24,6.7E-11
2025-02-05 13:41:25,6.7E-11
2025-02-05 13:41:27,6.7E-11
2025-02-05 13:41:28,6.7E-11
2025-02-05 13:41:30,6.7E-11
2025-02-05 13:41:31,6.7E-11
2025-02-05 13:41:33,6.7E-11
2025-02-05 13:41:34,6.7E-11
2025-02-05 13:41:36,6.7E-11
2025-02-05 13:41:37,6.7E-11
2025-02-05 13:41:39,6.7E-11
2025-02-05 13:41:40,6.7E-11
2025-02-05 13:41:42,6.7E-11
2025-02-05 13:41:43,6.7E-11
2025-02-05 13:41:45,6.7E-11
2025-02-05 13:41:46,6.7E-11
2025-02-05 13:41:48,6.7E-11
2025-02-05 13:41:49,6.7E-11
2025-02-05 13:41:51,6.7E-11
2025-02-05 13:41:52,6.7E-11
2025-02-05 13:41:54,6.7E-11
2025-02-05 13:41:55,6.7E-11
2025-02-05 13:41:57,6.7E-11
2025-02-05 13:41:58,6.7E-11
2025-02-05 13:42:00,6.7E-11
2025-02-05 13:42:01,6.7E-11
2025-02-05 13:42:03,6.7E-11
2025-02-05 13:42:04,6.7E-11
2025-02-05 13:42:06,6.7E-11
2025-02-05 13:42:07,6.5E-11
2025-02-05 13:42:09,6.5E-11
2025-02-05 13:42:10,6.5E-11
2025-02-05 13:42:12,6.5E-11
2025-02-05 13:42:13,6.5E-11
2025-02-05 13:42:15,6.5E-11
2025-02-05 13:42:16,6.5E-11
2025-02-05 13:42:18,6.5E-11
2025-02-05 13:42:19,6.5E-11
2025-02-05 13:42:21,6.5E-11
2025-02-05 13:42:22,6.5E-11
2025-02-05 13:42:24,6.5E-11
2025-02-05 13:42:25,6.5E-11
2025-02-05 13:42:27,8.4E-11
2025-02-05 13:42:28,8.4E-11
2025-02-05 13:42:29,8.4E-11
2025-02-05 13:42:31,6.5E-11
2025-02-05 13:42:32,6.5E-11
2025-02-05 13:42:34,6.5E-11
2025-02-05 13:42:35,6.5E-11
2025-02-05 13:42:37,6.5E-11
2025-02-05 13:42:38,6.1E-11
2025-02-05 13:42:40,6.1E-11
2025-02-05 13:42:41,6.1E-11
2025-02-05 13:42:43,8.4E-11
2025-02-05 13:42:44,8.4E-11
2025-02-05 13:42:46,8.4E-11
2025-02-05 13:42:47,8.4E-11
2025-02-05 13:42:49,8.4E-11
2025-02-05 13:42:50,6.6E-11
2025-02-05 13:42:52,6.6E-11
2025-02-05 13:42:53,6.6E-11
2025-02-05 13:42:55,6.6E-11
2025-02-05 13:42:56,6.6E-11
2025-02-05 13:42:58,6.6E-11
2025-02-05 13:42:59,6.6E-11
2025-02-05 13:43:01,6.6E-11
2025-02-05 13:43:02,6.6E-11
2025-02-05 13:43:04,6.6E-11
2025-02-05 13:43:05,6.6E-11
2025-02-05 13:43:07,6.6E-11
2025-02-05 13:43:08,6.6E-11
2025-02-05 13:43:10,6.6E-11
2025-02-05 13:43:11,6.6E-11
2025-02-05 13:43:13,6.6E-11
2025-02-05 13:43:14,6.6E-11
2025-02-05 13:43:16,6.6E-11
2025-02-05 13:43:17,6.6E-11
2025-02-05 13:43:19,6.6E-11
2025-02-05 13:43:20,6.6E-11
2025-02-05 13:43:22,7.2E-11
2025-02-05 13:43:23,7.2E-11
2025-02-05 13:43:25,7.2E-11
2025-02-05 13:43:26,7.2E-11
2025-02-05 13:43:28,7.2E-11
2025-02-05 13:43:29,7.2E-11
2025-02-05 13:43:31,7.2E-11
2025-02-05 13:43:32,7.2E-11
2025-02-05 13:43:34,7.2E-11
2025-02-05 13:43:35,7.2E-11
2025-02-05 13:43:37,9E-11
2025-02-05 13:43:38,9E-11
2025-02-05 13:43:39,9E-11
2025-02-05 13:43:41,9E-11
2025-02-05 13:43:42,9E-11
2025-02-05 13:43:44,9E-11
2025-02-05 13:43:45,9E-11
2025-02-05 13:43:47,9E-11
2025-02-05 13:43:48,9E-11
2025-02-05 13:43:50,9E-11
2025-02-05 13:43:51,9E-11
2025-02-05 13:43:53,9E-11
2025-02-05 13:43:54,9E-11
2025-02-05 13:43:56,9E-11
2025-02-05 13:43:57,9E-11
2025-02-05 13:43:59,9E-11
2025-02-05 13:44:00,9E-11
2025-02-05 13:44:02,9E-11
2025-02-05 13:44:03,9E-11
2025-02-05 13:44:05,9E-11
2025-02-05 13:44:06,9E-11
2025-02-05 13:44:08,9E-11
2025-02-05 13:44:09,9E-11
2025-02-05 13:44:11,9E-11
2025-02-05 13:44:12,9E-11
2025-02-05 13:44:14,9E-11
2025-02-05 13:44:15,7.5E-11
2025-02-05 13:44:17,7.5E-11
2025-02-05 13:44:18,7.5E-11
2025-02-05 13:44:20,7.5E-11
2025-02-05 13:44:21,7.5E-11
2025-02-05 13:44:23,7.5E-11
2025-02-05 13:44:24,7.5E-11
2025-02-05 13:44:26,7.5E-11
2025-02-05 13:44:27,7.5E-11
2025-02-05 13:44:29,7.5E-11
2025-02-05 13:44:30,7.5E-11
2025-02-05 13:44:32,7.5E-11
2025-02-05 13:44:33,7.5E-11
2025-02-05 13:44:35,7.5E-11
2025-02-05 13:44:36,7.5E-11
2025-02-05 13:44:38,7.5E-11
2025-02-05 13:44:39,7.5E-11
2025-02-05 13:44:41,7.5E-11
2025-02-05 13:44:42,7.5E-11
2025-02-05 13:44:44,7.5E-11
2025-02-05 13:44:45,7.5E-11
2025-02-05 13:44:46,7.5E-11
2025-02-05 13:44:48,7.5E-11
2025-02-05 13:44:49,7.5E-11
2025-02-05 13:44:51,7.5E-11
2025-02-05 13:44:53,7.5E-11
2025-02-05 13:44:54,7.5E-11
2025-02-05 13:44:55,7.5E-11
2025-02-05 13:44:57,7.5E-11
2025-02-05 13:44:58,7.5E-11
2025-02-05 13:45:00,7.5E-11
2025-02-05 13:45:01,7.5E-11
2025-02-05 13:45:03,7.5E-11
2025-02-05 13:45:04,7.5E-11
2025-02-05 13:45:06,7.5E-11
2025-02-05 13:45:07,7.5E-11
2025-02-05 13:45:09,7.5E-11
2025-02-05 13:45:10,7.5E-11
2025-02-05 13:45:12,7.5E-11
2025-02-05 13:45:13,7.5E-11
2025-02-05 13:45:15,7.5E-11
2025-02-05 13:45:16,7.5E-11
2025-02-05 13:45:18,7.5E-11
2025-02-05 13:45:19,7.5E-11
2025-02-05 13:45:21,7.5E-11
2025-02-05 13:45:22,7.5E-11
2025-02-05 13:45:24,7.5E-11
2025-02-05 13:45:25,7.5E-11
2025-02-05 13:45:27,7.5E-11
2025-02-05 13:45:28,7.5E-11
2025-02-05 13:45:30,7.5E-11
2025-02-05 13:45:31,7.5E-11
2025-02-05 13:45:33,7.5E-11
2025-02-05 13:45:34,7.5E-11
2025-02-05 13:45:36,7.8E-11
2025-02-05 13:45:37,7.8E-11
2025-02-05 13:45:39,7.8E-11
2025-02-05 13:45:40,7.9E-11
2025-02-05 13:45:42,7.9E-11
2025-02-05 13:45:43,7.9E-11
2025-02-05 13:45:45,7.9E-11
2025-02-05 13:45:46,7.9E-11
2025-02-05 13:45:48,7.9E-11
2025-02-05 13:45:49,7.9E-11
2025-02-05 13:45:51,7.9E-11
2025-02-05 13:45:52,7.7E-11
2025-02-05 13:45:54,7.7E-11
2025-02-05 13:45:55,7.7E-11
2025-02-05 13:45:57,7.7E-11
2025-02-05 13:45:58,7.7E-11
2025-02-05 13:46:00,7.7E-11
2025-02-05 13:46:01,7.7E-11
2025-02-05 13:46:03,7.7E-11
2025-02-05 13:46:04,7.6E-11
2025-02-05 13:46:06,7.6E-11
2025-02-05 13:46:07,7.6E-11
2025-02-05 13:46:09,7.6E-11
2025-02-05 13:46:10,7.6E-11
2025-02-05 13:46:12,7.6E-11
2025-02-05 13:46:13,7.6E-11
2025-02-05 13:46:15,8.2E-11
2025-02-05 13:46:16,8.2E-11
2025-02-05 13:46:18,8.2E-11
2025-02-05 13:46:19,8.2E-11
2025-02-05 13:46:21,8.2E-11
2025-02-05 13:46:22,8.2E-11
2025-02-05 13:46:24,8.2E-11
2025-02-05 13:46:25,8.2E-11
2025-02-05 13:46:27,8.2E-11
2025-02-05 13:46:28,8.2E-11
2025-02-05 13:46:30,8.2E-11
2025-02-05 13:46:31,8.2E-11
2025-02-05 13:46:33,8.2E-11
2025-02-05 13:46:34,8.2E-11
2025-02-05 13:46:36,8.2E-11
2025-02-05 13:46:37,8.2E-11
2025-02-05 13:46:39,8.2E-11
2025-02-05 13:46:40,8.2E-11
2025-02-05 13:46:42,8.2E-11
2025-02-05 13:46:43,8.2E-11
2025-02-05 13:46:45,8.2E-11
2025-02-05 13:46:46,8.2E-11
2025-02-05 13:46:48,8.2E-11
2025-02-05 13:46:49,8.2E-11
2025-02-05 13:46:51,8.7E-11
2025-02-05 13:46:52,8.7E-11
2025-02-05 13:46:54,8.6E-11
2025-02-05 13:46:55,8.6E-11
2025-02-05 13:46:57,8.6E-11
2025-02-05 13:46:58,8.6E-11
2025-02-05 13:47:00,8.6E-11
2025-02-05 13:47:01,8.6E-11
2025-02-05 13:47:03,8.6E-11
2025-02-05 13:47:04,8.6E-11
2025-02-05 13:47:06,8.6E-11
2025-02-05 13:47:07,8.6E-11
2025-02-05 13:47:09,8.6E-11
2025-02-05 13:47:10,8.6E-11
2025-02-05 13:47:12,8.6E-11
2025-02-05 13:47:13,8.6E-11
2025-02-05 13:47:15,8.6E-11
2025-02-05 13:47:16,8.6E-11
2025-02-05 13:47:18,8.6E-11
2025-02-05 13:47:19,8.6E-11
2025-02-05 13:47:21,8.6E-11
2025-02-05 13:47:22,8.6E-11
2025-02-05 13:47:24,8.6E-11
2025-02-05 13:47:25,8.6E-11
2025-02-05 13:47:27,8.6E-11
2025-02-05 13:47:28,8.6E-11
2025-02-05 13:47:30,8.6E-11
2025-02-05 13:47:31,8.6E-11
2025-02-05 13:47:33,8.6E-11
2025-02-05 13:47:34,8.6E-11
2025-02-05 13:47:36,8.6E-11
2025-02-05 13:47:37,8.6E-11
2025-02-05 13:47:39,8.6E-11
2025-02-05 13:47:40,8.6E-11
2025-02-05 13:47:42,8.6E-11
2025-02-05 13:47:43,8.6E-11
2025-02-05 13:47:45,8.6E-11
2025-02-05 13:47:46,8.6E-11
2025-02-05 13:47:48,8.6E-11
2025-02-05 13:47:49,8.6E-11
2025-02-05 13:47:51,8.6E-11
2025-02-05 13:47:52,8.6E-11
2025-02-05 13:47:54,8.6E-11
2025-02-05 13:47:55,8.6E-11
2025-02-05 13:47:57,8.7E-11
2025-02-05 13:47:58,8.7E-11
2025-02-05 13:48:00,8.7E-11
2025-02-05 13:48:01,9E-11
2025-02-05 13:48:03,9E-11
2025-02-05 13:48:04,9E-11
2025-02-05 13:48:06,9E-11
2025-02-05 13:48:07,9E-11
2025-02-05 13:48:09,9.2E-11
2025-02-05 13:48:10,9.2E-11
2025-02-05 13:48:12,9.2E-11
2025-02-05 13:48:13,9.2E-11
2025-02-05 13:48:15,9.2E-11
2025-02-05 13:48:16,9.2E-11
2025-02-05 13:48:18,9.2E-11
2025-02-05 13:48:19,9.2E-11
2025-02-05 13:48:21,9.4E-11
2025-02-05 13:48:22,9.4E-11
2025-02-05 13:48:24,9.4E-11
2025-02-05 13:48:25,9.4E-11
2025-02-05 13:48:27,9.4E-11
2025-02-05 13:48:28,9.4E-11
2025-02-05 13:48:30,9.4E-11
2025-02-05 13:48:31,9.4E-11
2025-02-05 13:48:32,9.4E-11
2025-02-05 13:48:34,9.4E-11
2025-02-05 13:48:35,9.4E-11
2025-02-05 13:48:37,9.4E-11
2025-02-05 13:48:38,9.4E-11
2025-02-05 13:48:40,9.4E-11
2025-02-05 13:48:41,9.4E-11
2025-02-05 13:48:43,9.4E-11
2025-02-05 13:48:44,9.4E-11
2025-02-05 13:48:46,9.4E-11
2025-02-05 13:48:47,9.4E-11
2025-02-05 13:48:49,9.4E-11
2025-02-05 13:48:50,9.4E-11
2025-02-05 13:48:52,9.4E-11
2025-02-05 13:48:53,9.4E-11
2025-02-05 13:48:55,9.4E-11
2025-02-05 13:48:56,9.4E-11
2025-02-05 13:48:58,9.4E-11
2025-02-05 13:48:59,9.4E-11
2025-02-05 13:49:01,9.4E-11
2025-02-05 13:49:02,9.4E-11
2025-02-05 13:49:04,8.8E-11
2025-02-05 13:49:06,
2025-02-05 13:49:07,8.8E-11
2025-02-05 13:49:09,8.8E-11
2025-02-05 13:49:10,8.8E-11
2025-02-05 13:49:12,8.8E-11
2025-02-05 13:49:13,8.8E-11
2025-02-05 13:49:15,8.8E-11
2025-02-05 13:49:16,8.8E-11
2025-02-05 13:49:18,8.5E-11
2025-02-05 13:49:19,8.5E-11
2025-02-05 13:49:21,8.5E-11
2025-02-05 13:49:22,8.5E-11
2025-02-05 13:49:24,8.5E-11
2025-02-05 13:49:25,8.5E-11
2025-02-05 13:49:27,8.5E-11
2025-02-05 13:49:28,8.5E-11
2025-02-05 13:49:30,7.9E-11
2025-02-05 13:49:31,7.9E-11
2025-02-05 13:49:33,7.9E-11
2025-02-05 13:49:34,7.9E-11
2025-02-05 13:49:36,7.9E-11
2025-02-05 13:49:37,7.9E-11
2025-02-05 13:49:39,7.9E-11
2025-02-05 13:49:40,7.9E-11
2025-02-05 13:49:42,7.9E-11
2025-02-05 13:49:44,7.9E-11
2025-02-05 13:49:45,7.9E-11
2025-02-05 13:49:47,7.9E-11
2025-02-05 13:49:48,7.9E-11
2025-02-05 13:49:49,7.8E-11
2025-02-05 13:49:51,7.8E-11
2025-02-05 13:49:53,7.8E-11
2025-02-05 13:49:54,7.8E-11
2025-02-05 13:49:56,7.8E-11
2025-02-05 13:49:57,8E-11
2025-02-05 13:49:59,8E-11
2025-02-05 13:50:00,8E-11
2025-02-05 13:50:01,8E-11
2025-02-05 13:50:03,8E-11
2025-02-05 13:50:04,7.9E-11
2025-02-05 13:50:06,7.9E-11
2025-02-05 13:50:07,7.9E-11
2025-02-05 13:50:09,7.9E-11
2025-02-05 13:50:10,7.9E-11
2025-02-05 13:50:12,7.9E-11
2025-02-05 13:50:13,8E-11
2025-02-05 13:50:15,8E-11
2025-02-05 13:50:16,8E-11
2025-02-05 13:50:18,8E-11
2025-02-05 13:50:19,8E-11
2025-02-05 13:50:21,8E-11
2025-02-05 13:50:22,8E-11
2025-02-05 13:50:24,8E-11
2025-02-05 13:50:25,8E-11
2025-02-05 13:50:27,8E-11
2025-02-05 13:50:28,8E-11
2025-02-05 13:50:30,8E-11
2025-02-05 13:50:31,8E-11
2025-02-05 13:50:33,8E-11
2025-02-05 13:50:34,8E-11
2025-02-05 13:50:36,8E-11
2025-02-05 13:50:37,8E-11
2025-02-05 13:50:39,8E-11
2025-02-05 13:50:40,8E-11
2025-02-05 13:50:42,8E-11
2025-02-05 13:50:43,8E-11
2025-02-05 13:50:45,8E-11
2025-02-05 13:50:46,8E-11
2025-02-05 13:50:48,9.1E-11
2025-02-05 13:50:49,9.1E-11
2025-02-05 13:50:51,9.1E-11
2025-02-05 13:50:52,9.1E-11
2025-02-05 13:50:54,9.1E-11
2025-02-05 13:50:55,9.1E-11
2025-02-05 13:50:57,9.1E-11
2025-02-05 13:50:58,9.1E-11
2025-02-05 13:51:00,9.1E-11
2025-02-05 13:51:01,9.1E-11
2025-02-05 13:51:03,9.1E-11
2025-02-05 13:51:04,9.2E-11
2025-02-05 13:51:05,9.2E-11
2025-02-05 13:51:07,9.2E-11
2025-02-05 13:51:08,9.2E-11
2025-02-05 13:51:10,9.2E-11
2025-02-05 13:51:11,9.2E-11
2025-02-05 13:51:13,9.2E-11
2025-02-05 13:51:14,9.2E-11
2025-02-05 13:51:16,9.2E-11
2025-02-05 13:51:17,9.2E-11
2025-02-05 13:51:19,9.2E-11
2025-02-05 13:51:20,9.2E-11
2025-02-05 13:51:22,9.2E-11
2025-02-05 13:51:23,9.2E-11
2025-02-05 13:51:25,9.2E-11
2025-02-05 13:51:26,9.2E-11
2025-02-05 13:51:28,9.2E-11
2025-02-05 13:51:29,9.2E-11
2025-02-05 13:51:31,9.2E-11
2025-02-05 13:51:32,9.2E-11
2025-02-05 13:51:34,9.2E-11
2025-02-05 13:51:35,9.2E-11
2025-02-05 13:51:37,9.2E-11
2025-02-05 13:51:38,9.2E-11
2025-02-05 13:51:40,9.3E-11
2025-02-05 13:51:41,9.3E-11
2025-02-05 13:51:43,9.4E-11
2025-02-05 13:51:45,9.4E-11
2025-02-05 13:51:46,9.4E-11
2025-02-05 13:51:48,9.4E-11
2025-02-05 13:51:49,9.4E-11
2025-02-05 13:51:51,9.4E-11
2025-02-05 13:51:52,9.4E-11
2025-02-05 13:51:54,9.4E-11
2025-02-05 13:51:55,9.4E-11
2025-02-05 13:51:57,9.4E-11
2025-02-05 13:51:58,9.4E-11
2025-02-05 13:51:59,9.4E-11
2025-02-05 13:52:01,9.4E-11
2025-02-05 13:52:02,9.4E-11
2025-02-05 13:52:04,9.4E-11
2025-02-05 13:52:05,9.4E-11
2025-02-05 13:52:07,9.4E-11
2025-02-05 13:52:08,9.4E-11
2025-02-05 13:52:10,9.4E-11
2025-02-05 13:52:12,9.4E-11
2025-02-05 13:52:13,9.4E-11
2025-02-05 13:52:15,8.8E-11
2025-02-05 13:52:16,8.8E-11
2025-02-05 13:52:18,8.8E-11
2025-02-05 13:52:19,8.8E-11
2025-02-05 13:52:21,8.8E-11
2025-02-05 13:52:22,8.8E-11
2025-02-05 13:52:23,8.8E-11
2025-02-05 13:52:25,8.8E-11
2025-02-05 13:52:26,8.8E-11
2025-02-05 13:52:28,8.8E-11
2025-02-05 13:52:29,8.8E-11
2025-02-05 13:52:31,8.8E-11
2025-02-05 13:52:32,8.8E-11
2025-02-05 13:52:34,8.8E-11
2025-02-05 13:52:35,8.8E-11
2025-02-05 13:52:37,8.8E-11
2025-02-05 13:52:38,8.8E-11
2025-02-05 13:52:40,8.8E-11
2025-02-05 13:52:41,8.8E-11
2025-02-05 13:52:43,8.8E-11
2025-02-05 13:52:44,8.8E-11
2025-02-05 13:52:46,9.1E-11
2025-02-05 13:52:47,9.1E-11
2025-02-05 13:52:49,9.1E-11
2025-02-05 13:52:50,9E-11
2025-02-05 13:52:52,9E-11
2025-02-05 13:52:53,1.08E-10
2025-02-05 13:52:55,1.08E-10
2025-02-05 13:52:56,1.08E-10
2025-02-05 13:52:58,1.08E-10
2025-02-05 13:53:00,1.08E-10
2025-02-05 13:53:01,1.08E-10
2025-02-05 13:53:03,1.08E-10
2025-02-05 13:53:04,1.08E-10
2025-02-05 13:53:06,1.08E-10
2025-02-05 13:53:07,1.08E-10
2025-02-05 13:53:09,1.08E-10
2025-02-05 13:53:10,1.08E-10
2025-02-05 13:53:12,1.08E-10
2025-02-05 13:53:13,1.08E-10
2025-02-05 13:53:15,1.08E-10
2025-02-05 13:53:16,1.08E-10
2025-02-05 13:53:18,1.08E-10
2025-02-05 13:53:19,1.08E-10
2025-02-05 13:53:21,1.08E-10
2025-02-05 13:53:22,9E-11
2025-02-05 13:53:24,9E-11
2025-02-05 13:53:25,9E-11
2025-02-05 13:53:27,9E-11
2025-02-05 13:53:28,9E-11
2025-02-05 13:53:30,9E-11
2025-02-05 13:53:31,9E-11
2025-02-05 13:53:33,9E-11
2025-02-05 13:53:34,9E-11
2025-02-05 13:53:36,9E-11
2025-02-05 13:53:37,9E-11
2025-02-05 13:53:39,9E-11
2025-02-05 13:53:40,9E-11
2025-02-05 13:53:42,9E-11
2025-02-05 13:53:43,9E-11
2025-02-05 13:53:45,9E-11
2025-02-05 13:53:46,9.6E-11
2025-02-05 13:53:48,9.6E-11
2025-02-05 13:53:49,9.6E-11
2025-02-05 13:53:51,9.6E-11
2025-02-05 13:53:52,9.6E-11
2025-02-05 13:53:54,9.6E-11
2025-02-05 13:53:55,9.6E-11
2025-02-05 13:53:57,9.6E-11
2025-02-05 13:53:58,9.6E-11
2025-02-05 13:54:00,9.6E-11
2025-02-05 13:54:01,9.6E-11
2025-02-05 13:54:03,9.6E-11
2025-02-05 13:54:04,9.6E-11
2025-02-05 13:54:06,9.6E-11
2025-02-05 13:54:07,9.6E-11
2025-02-05 13:54:09,9.6E-11
2025-02-05 13:54:10,9.5E-11
2025-02-05 13:54:12,9.5E-11
2025-02-05 13:54:13,9.5E-11
2025-02-05 13:54:15,9.5E-11
2025-02-05 13:54:16,9.5E-11
2025-02-05 13:54:18,9.5E-11
2025-02-05 13:54:19,9.5E-11
2025-02-05 13:54:21,9.5E-11
2025-02-05 13:54:22,9.5E-11
2025-02-05 13:54:24,9.5E-11
2025-02-05 13:54:25,9.5E-11
2025-02-05 13:54:27,9.5E-11
2025-02-05 13:54:28,9.5E-11
2025-02-05 13:54:30,9.5E-11
2025-02-05 13:54:31,9.5E-11
2025-02-05 13:54:33,9.5E-11
2025-02-05 13:54:34,9.5E-11
2025-02-05 13:54:36,9.5E-11
2025-02-05 13:54:37,9.5E-11
2025-02-05 13:54:39,9.5E-11
2025-02-05 13:54:40,9.5E-11
2025-02-05 13:54:42,9.4E-11
2025-02-05 13:54:43,9.4E-11
2025-02-05 13:54:45,9.4E-11
2025-02-05 13:54:46,9.4E-11
2025-02-05 13:54:48,9.4E-11
2025-02-05 13:54:49,8.8E-11
2025-02-05 13:54:51,8.8E-11
2025-02-05 13:54:52,8.8E-11
2025-02-05 13:54:54,8.8E-11
2025-02-05 13:54:55,8.8E-11
2025-02-05 13:54:57,8.8E-11
2025-02-05 13:54:58,8.8E-11
2025-02-05 13:55:00,8.8E-11
2025-02-05 13:55:01,8.8E-11
2025-02-05 13:55:03,8.8E-11
2025-02-05 13:55:04,8.8E-11
2025-02-05 13:55:06,8.8E-11
2025-02-05 13:55:07,8.8E-11
2025-02-05 13:55:09,8.8E-11
2025-02-05 13:55:10,8.8E-11
2025-02-05 13:55:12,8.8E-11
2025-02-05 13:55:13,8.8E-11
2025-02-05 13:55:15,8.8E-11
2025-02-05 13:55:16,8.8E-11
2025-02-05 13:55:18,8.8E-11
2025-02-05 13:55:19,8.8E-11
2025-02-05 13:55:21,9.9E-11
2025-02-05 13:55:22,9.9E-11
2025-02-05 13:55:24,9.9E-11
2025-02-05 13:55:25,9.9E-11
2025-02-05 13:55:27,9.9E-11
2025-02-05 13:55:28,9.9E-11
2025-02-05 13:55:30,9.9E-11
2025-02-05 13:55:31,9.9E-11
2025-02-05 13:55:33,9.9E-11
2025-02-05 13:55:34,9.9E-11
2025-02-05 13:55:36,9.9E-11
2025-02-05 13:55:37,9.9E-11
2025-02-05 13:55:39,9.9E-11
2025-02-05 13:55:40,9.9E-11
2025-02-05 13:55:42,9.9E-11
2025-02-05 13:55:43,9.9E-11
2025-02-05 13:55:45,9.9E-11
2025-02-05 13:55:46,9.9E-11
2025-02-05 13:55:48,9.9E-11
2025-02-05 13:55:49,9.9E-11
2025-02-05 13:55:51,9.9E-11
2025-02-05 13:55:52,9.9E-11
2025-02-05 13:55:54,9.9E-11
2025-02-05 13:55:55,9.9E-11
2025-02-05 13:55:57,9.9E-11
2025-02-05 13:55:58,9.9E-11
2025-02-05 13:56:00,9.9E-11
2025-02-05 13:56:01,9.9E-11
2025-02-05 13:56:03,9.9E-11
2025-02-05 13:56:04,9.9E-11
2025-02-05 13:56:06,9.9E-11
2025-02-05 13:56:07,9.9E-11
2025-02-05 13:56:08,9.9E-11
2025-02-05 13:56:10,9.9E-11
2025-02-05 13:56:11,9.9E-11
2025-02-05 13:56:13,9.9E-11
2025-02-05 13:56:14,9.9E-11
2025-02-05 13:56:16,9.9E-11
2025-02-05 13:56:17,9.9E-11
2025-02-05 13:56:19,9.9E-11
2025-02-05 13:56:20,9.9E-11
2025-02-05 13:56:22,9.9E-11
2025-02-05 13:56:23,9.9E-11
2025-02-05 13:56:25,9.9E-11
2025-02-05 13:56:26,9.9E-11
2025-02-05 13:56:28,9.9E-11
2025-02-05 13:56:29,9.9E-11
2025-02-05 13:56:31,9.9E-11
2025-02-05 13:56:32,9.9E-11
2025-02-05 13:56:34,9.9E-11
2025-02-05 13:56:35,9.9E-11
2025-02-05 13:56:37,9.9E-11
2025-02-05 13:56:38,9.9E-11
2025-02-05 13:56:40,9.9E-11
2025-02-05 13:56:41,9.9E-11
2025-02-05 13:56:43,9.9E-11
2025-02-05 13:56:44,9.3E-11
2025-02-05 13:56:46,9.3E-11
2025-02-05 13:56:47,9.3E-11
2025-02-05 13:56:49,9.3E-11
2025-02-05 13:56:50,9.3E-11
2025-02-05 13:56:52,9.3E-11
2025-02-05 13:56:53,9.3E-11
2025-02-05 13:56:55,9.3E-11
2025-02-05 13:56:56,9.3E-11
2025-02-05 13:56:58,9.3E-11
2025-02-05 13:56:59,9.3E-11
2025-02-05 13:57:01,9.3E-11
2025-02-05 13:57:02,9.3E-11
2025-02-05 13:57:04,9.3E-11
2025-02-05 13:57:05,9.3E-11
2025-02-05 13:57:07,9.3E-11
2025-02-05 13:57:08,9.3E-11
2025-02-05 13:57:10,9.3E-11
2025-02-05 13:57:11,9.3E-11
2025-02-05 13:57:13,9.3E-11
2025-02-05 13:57:14,9.3E-11
2025-02-05 13:57:16,1.05E-10
2025-02-05 13:57:17,1.05E-10
2025-02-05 13:57:19,1.05E-10
2025-02-05 13:57:20,1.05E-10
2025-02-05 13:57:21,1.05E-10
2025-02-05 13:57:23,1.05E-10
2025-02-05 13:57:24,1.05E-10
2025-02-05 13:57:26,1.05E-10
2025-02-05 13:57:27,1.05E-10
2025-02-05 13:57:29,1.05E-10
2025-02-05 13:57:30,1.05E-10
2025-02-05 13:57:32,1.05E-10
2025-02-05 13:57:33,1.05E-10
2025-02-05 13:57:35,1.05E-10
2025-02-05 13:57:36,1.05E-10
2025-02-05 13:57:38,1.11E-10
2025-02-05 13:57:39,1.11E-10
2025-02-05 13:57:41,1.11E-10
2025-02-05 13:57:42,1.11E-10
2025-02-05 13:57:44,1.11E-10
2025-02-05 13:57:46,1.11E-10
2025-02-05 13:57:47,1.11E-10
2025-02-05 13:57:48,1.11E-10
2025-02-05 13:57:50,1.11E-10
2025-02-05 13:57:51,1.11E-10
2025-02-05 13:57:53,1.11E-10
2025-02-05 13:57:54,1.11E-10
2025-02-05 13:57:56,1.11E-10
2025-02-05 13:57:57,1.11E-10
2025-02-05 13:57:59,1.11E-10
2025-02-05 13:58:00,1.11E-10
2025-02-05 13:58:02,1.11E-10
2025-02-05 13:58:03,1.11E-10
2025-02-05 13:58:05,
2025-02-05 13:58:07,9.7E-11
2025-02-05 13:58:09,9.7E-11
2025-02-05 13:58:10,9.7E-11
2025-02-05 13:58:12,9.7E-11
2025-02-05 13:58:13,9.7E-11
2025-02-05 13:58:15,9.7E-11
2025-02-05 13:58:16,9.7E-11
2025-02-05 13:58:18,9.7E-11
2025-02-05 13:58:19,9.7E-11
2025-02-05 13:58:21,8.6E-11
2025-02-05 13:58:22,8.6E-11
2025-02-05 13:58:24,8.6E-11
2025-02-05 13:58:25,1.03E-10
2025-02-05 13:58:27,1.03E-10
2025-02-05 13:58:28,1.03E-10
2025-02-05 13:58:30,1.03E-10
2025-02-05 13:58:31,1.03E-10
2025-02-05 13:58:33,1.03E-10
2025-02-05 13:58:34,1.03E-10
2025-02-05 13:58:36,1.03E-10
2025-02-05 13:58:37,1.03E-10
2025-02-05 13:58:39,1.03E-10
2025-02-05 13:58:40,1.03E-10
2025-02-05 13:58:42,1.03E-10
2025-02-05 13:58:43,1.03E-10
2025-02-05 13:58:45,1.03E-10
2025-02-05 13:58:46,1.03E-10
2025-02-05 13:58:48,1.1E-10
2025-02-05 13:58:49,1.1E-10
2025-02-05 13:58:51,1.1E-10
2025-02-05 13:58:52,1.1E-10
2025-02-05 13:58:53,1.1E-10
2025-02-05 13:58:55,1.1E-10
2025-02-05 13:58:57,1.1E-10
2025-02-05 13:58:58,1.1E-10
2025-02-05 13:59:00,1.1E-10
2025-02-05 13:59:01,1.1E-10
2025-02-05 13:59:03,1.1E-10
2025-02-05 13:59:04,1.1E-10
2025-02-05 13:59:06,1.1E-10
2025-02-05 13:59:07,1.1E-10
2025-02-05 13:59:09,1.1E-10
2025-02-05 13:59:10,1.1E-10
2025-02-05 13:59:12,1.1E-10
2025-02-05 13:59:13,1.1E-10
2025-02-05 13:59:15,1.1E-10
2025-02-05 13:59:17,1.1E-10
2025-02-05 13:59:18,1.1E-10
2025-02-05 13:59:19,1.1E-10
2025-02-05 13:59:21,1.1E-10
2025-02-05 13:59:22,1.1E-10
2025-02-05 13:59:24,1.1E-10
2025-02-05 13:59:26,1.1E-10
2025-02-05 13:59:27,1.1E-10
2025-02-05 13:59:29,1.1E-10
2025-02-05 13:59:30,1.1E-10
2025-02-05 13:59:32,1.1E-10
2025-02-05 13:59:33,1.1E-10
2025-02-05 13:59:35,1.1E-10
2025-02-05 13:59:36,1.1E-10
2025-02-05 13:59:38,1.1E-10
2025-02-05 13:59:39,1.1E-10
2025-02-05 13:59:41,1.1E-10
2025-02-05 13:59:42,1.1E-10
2025-02-05 13:59:44,1.1E-10
2025-02-05 13:59:45,1.1E-10
2025-02-05 13:59:47,1.1E-10
2025-02-05 13:59:48,1.1E-10
2025-02-05 13:59:50,1.1E-10
2025-02-05 13:59:51,1.1E-10
2025-02-05 13:59:53,1.1E-10
2025-02-05 13:59:54,1.1E-10
2025-02-05 13:59:56,1.1E-10
2025-02-05 13:59:57,1.1E-10
2025-02-05 13:59:59,1.1E-10
2025-02-05 14:00:00,1.1E-10
2025-02-05 14:00:02,1.1E-10
2025-02-05 14:00:03,1.1E-10
2025-02-05 14:00:05,1.1E-10
2025-02-05 14:00:06,1.1E-10
2025-02-05 14:00:08,1.1E-10
2025-02-05 14:00:09,1.1E-10
2025-02-05 14:00:11,1.1E-10
2025-02-05 14:00:12,1.1E-10
2025-02-05 14:00:14,1.1E-10
2025-02-05 14:00:15,1.1E-10
2025-02-05 14:00:17,1.04E-10
2025-02-05 14:00:18,1.04E-10
2025-02-05 14:00:20,1.04E-10
2025-02-05 14:00:21,1.04E-10
2025-02-05 14:00:23,1.04E-10
2025-02-05 14:00:24,1.04E-10
2025-02-05 14:00:26,1.04E-10
2025-02-05 14:00:27,1.04E-10
2025-02-05 14:00:29,1.04E-10
2025-02-05 14:00:30,1.04E-10
2025-02-05 14:00:32,1.04E-10
2025-02-05 14:00:33,1.04E-10
2025-02-05 14:00:35,1.04E-10
2025-02-05 14:00:36,1.03E-10
2025-02-05 14:00:38,1.03E-10
2025-02-05 14:00:39,1.03E-10
2025-02-05 14:00:41,1.03E-10
2025-02-05 14:00:42,1.03E-10
2025-02-05 14:00:44,1.03E-10
2025-02-05 14:00:45,1.03E-10
2025-02-05 14:00:47,1.03E-10
2025-02-05 14:00:48,1.03E-10
2025-02-05 14:00:50,1.03E-10
2025-02-05 14:00:51,1.03E-10
2025-02-05 14:00:53,1.03E-10
2025-02-05 14:00:54,1.03E-10
2025-02-05 14:00:56,1.03E-10
2025-02-05 14:00:57,1.03E-10
2025-02-05 14:00:59,1.03E-10
2025-02-05 14:01:00,1.03E-10
2025-02-05 14:01:02,1.03E-10
2025-02-05 14:01:03,1.03E-10
2025-02-05 14:01:05,1.09E-10
2025-02-05 14:01:06,1.09E-10
2025-02-05 14:01:08,1.09E-10
2025-02-05 14:01:09,1.09E-10
2025-02-05 14:01:11,1.09E-10
2025-02-05 14:01:12,1.09E-10
2025-02-05 14:01:14,1.09E-10
2025-02-05 14:01:16,1.09E-10
2025-02-05 14:01:17,1.09E-10
2025-02-05 14:01:19,1.09E-10
2025-02-05 14:01:20,1.09E-10
2025-02-05 14:01:22,1.09E-10
2025-02-05 14:01:23,1.09E-10
2025-02-05 14:01:25,1.09E-10
2025-02-05 14:01:26,1.09E-10
2025-02-05 14:01:28,1.15E-10
2025-02-05 14:01:29,1.15E-10
2025-02-05 14:01:31,1.15E-10
2025-02-05 14:01:32,1.16E-10
2025-02-05 14:01:34,1.16E-10
2025-02-05 14:01:35,1.16E-10
2025-02-05 14:01:37,1.16E-10
2025-02-05 14:01:38,1.16E-10
2025-02-05 14:01:40,1.16E-10
2025-02-05 14:01:41,1.16E-10
2025-02-05 14:01:43,1.16E-10
2025-02-05 14:01:44,1.16E-10
2025-02-05 14:01:46,1.16E-10
2025-02-05 14:01:48,1.16E-10
2025-02-05 14:01:49,1.16E-10
2025-02-05 14:01:50,1.16E-10
2025-02-05 14:01:52,1.16E-10
2025-02-05 14:01:54,1.16E-10
2025-02-05 14:01:55,1.16E-10
2025-02-05 14:01:57,1.16E-10
2025-02-05 14:01:58,1.16E-10
2025-02-05 14:02:00,1.16E-10
2025-02-05 14:02:01,1.16E-10
2025-02-05 14:02:03,1.16E-10
2025-02-05 14:02:04,1.16E-10
2025-02-05 14:02:06,1.16E-10
2025-02-05 14:02:07,1.16E-10
2025-02-05 14:02:08,1.16E-10
2025-02-05 14:02:10,1.16E-10
2025-02-05 14:02:11,1.16E-10
2025-02-05 14:02:13,1.16E-10
2025-02-05 14:02:14,1.16E-10
2025-02-05 14:02:16,1.16E-10
2025-02-05 14:02:17,1.16E-10
2025-02-05 14:02:19,1.16E-10
2025-02-05 14:02:20,1.16E-10
2025-02-05 14:02:22,1.16E-10
2025-02-05 14:02:23,1.16E-10
2025-02-05 14:02:25,1.16E-10
2025-02-05 14:02:27,1.16E-10
2025-02-05 14:02:28,1.16E-10
2025-02-05 14:02:29,1.16E-10
2025-02-05 14:02:31,1.16E-10
2025-02-05 14:02:33,1.16E-10
2025-02-05 14:02:34,1.16E-10
2025-02-05 14:02:36,1.16E-10
2025-02-05 14:02:37,1.16E-10
2025-02-05 14:02:39,1.16E-10
2025-02-05 14:02:40,1.16E-10
2025-02-05 14:02:42,1.16E-10
2025-02-05 14:02:43,1.16E-10
2025-02-05 14:02:45,1.16E-10
2025-02-05 14:02:46,1.16E-10
2025-02-05 14:02:48,1.16E-10
2025-02-05 14:02:49,1.16E-10
2025-02-05 14:02:51,1.16E-10
2025-02-05 14:02:52,1.16E-10
2025-02-05 14:02:54,1.16E-10
2025-02-05 14:02:55,1.16E-10
2025-02-05 14:02:57,1.16E-10
2025-02-05 14:02:58,1.16E-10
2025-02-05 14:03:00,1.16E-10
2025-02-05 14:03:01,1.16E-10
2025-02-05 14:03:02,1.16E-10
2025-02-05 14:03:04,1.16E-10
2025-02-05 14:03:05,1.16E-10
2025-02-05 14:03:07,1.16E-10
2025-02-05 14:03:08,1.16E-10
2025-02-05 14:03:10,1.16E-10
2025-02-05 14:03:11,1.16E-10
2025-02-05 14:03:13,1.16E-10
2025-02-05 14:03:14,1.16E-10
2025-02-05 14:03:16,1.16E-10
2025-02-05 14:03:17,1.16E-10
2025-02-05 14:03:19,1.16E-10
2025-02-05 14:03:20,1.16E-10
2025-02-05 14:03:22,1.16E-10
2025-02-05 14:03:23,1.16E-10
2025-02-05 14:03:25,1.16E-10
2025-02-05 14:03:26,1.16E-10
2025-02-05 14:03:28,1.16E-10
2025-02-05 14:03:29,1.16E-10
2025-02-05 14:03:31,1.16E-10
2025-02-05 14:03:32,1.17E-10
2025-02-05 14:03:34,1.17E-10
2025-02-05 14:03:35,1.17E-10
2025-02-05 14:03:37,1.18E-10
2025-02-05 14:03:38,1.18E-10
2025-02-05 14:03:40,1.18E-10
2025-02-05 14:03:41,1.18E-10
2025-02-05 14:03:43,1.18E-10
2025-02-05 14:03:44,1.18E-10
2025-02-05 14:03:46,1.18E-10
2025-02-05 14:03:47,1.18E-10
2025-02-05 14:03:49,1.18E-10
2025-02-05 14:03:50,1.18E-10
2025-02-05 14:03:52,1.18E-10
2025-02-05 14:03:53,1.18E-10
2025-02-05 14:03:55,1.18E-10
2025-02-05 14:03:56,1.22E-10
2025-02-05 14:03:58,1.22E-10
2025-02-05 14:03:59,1.22E-10
2025-02-05 14:04:01,1.23E-10
2025-02-05 14:04:02,1.23E-10
2025-02-05 14:04:04,1.23E-10
2025-02-05 14:04:05,1.23E-10
2025-02-05 14:04:06,1.23E-10
2025-02-05 14:04:08,1.23E-10
2025-02-05 14:04:10,1.23E-10
2025-02-05 14:04:11,1.23E-10
2025-02-05 14:04:12,1.23E-10
2025-02-05 14:04:14,1.23E-10
2025-02-05 14:04:15,1.23E-10
2025-02-05 14:04:17,1.23E-10
2025-02-05 14:04:18,1.23E-10
2025-02-05 14:04:20,1.23E-10
2025-02-05 14:04:21,1.23E-10
2025-02-05 14:04:23,1.23E-10
2025-02-05 14:04:24,1.23E-10
2025-02-05 14:04:26,1.23E-10
2025-02-05 14:04:27,1.23E-10
2025-02-05 14:04:29,1.23E-10
2025-02-05 14:04:30,1.23E-10
2025-02-05 14:04:32,1.23E-10
2025-02-05 14:04:33,1.23E-10
2025-02-05 14:04:35,1.23E-10
2025-02-05 14:04:36,1.21E-10
2025-02-05 14:04:38,1.21E-10
2025-02-05 14:04:39,1.21E-10
2025-02-05 14:04:41,1.22E-10
2025-02-05 14:04:42,1.22E-10
2025-02-05 14:04:44,1.22E-10
2025-02-05 14:04:45,1.22E-10
2025-02-05 14:04:47,1.22E-10
2025-02-05 14:04:48,1.22E-10
2025-02-05 14:04:50,1.22E-10
2025-02-05 14:04:51,1.22E-10
2025-02-05 14:04:53,1.22E-10
2025-02-05 14:04:54,1.22E-10
2025-02-05 14:04:56,1.22E-10
2025-02-05 14:04:57,1.22E-10
2025-02-05 14:04:59,1.22E-10
2025-02-05 14:05:00,1.22E-10
2025-02-05 14:05:02,1.22E-10
2025-02-05 14:05:03,1.22E-10
2025-02-05 14:05:05,1.22E-10
2025-02-05 14:05:06,1.22E-10
2025-02-05 14:05:08,1.22E-10
2025-02-05 14:05:09,1.22E-10
2025-02-05 14:05:11,1.22E-10
2025-02-05 14:05:12,1.22E-10
2025-02-05 14:05:14,1.22E-10
2025-02-05 14:05:15,1.22E-10
2025-02-05 14:05:17,1.22E-10
2025-02-05 14:05:18,1.22E-10
2025-02-05 14:05:20,1.22E-10
2025-02-05 14:05:21,1.22E-10
2025-02-05 14:05:23,1.22E-10
2025-02-05 14:05:24,1.22E-10
2025-02-05 14:05:26,1.22E-10
2025-02-05 14:05:27,1.22E-10
2025-02-05 14:05:29,1.22E-10
2025-02-05 14:05:30,1.22E-10
2025-02-05 14:05:32,1.22E-10
2025-02-05 14:05:33,1.22E-10
2025-02-05 14:05:35,1.22E-10
2025-02-05 14:05:36,1.22E-10
2025-02-05 14:05:38,1.22E-10
2025-02-05 14:05:39,1.21E-10
2025-02-05 14:05:41,1.21E-10
2025-02-05 14:05:42,1.21E-10
2025-02-05 14:05:44,1.21E-10
2025-02-05 14:05:45,1.21E-10
2025-02-05 14:05:47,1.21E-10
2025-02-05 14:05:48,1.21E-10
2025-02-05 14:05:50,1.21E-10
2025-02-05 14:05:51,1.21E-10
2025-02-05 14:05:53,1.21E-10
2025-02-05 14:05:54,1.21E-10
2025-02-05 14:05:56,1.21E-10
2025-02-05 14:05:57,1.21E-10
2025-02-05 14:05:59,1.21E-10
2025-02-05 14:06:00,1.21E-10
2025-02-05 14:06:02,1.21E-10
2025-02-05 14:06:03,1.2E-10
2025-02-05 14:06:05,1.2E-10
2025-02-05 14:06:06,1.2E-10
2025-02-05 14:06:08,1.2E-10
2025-02-05 14:06:09,1.2E-10
2025-02-05 14:06:11,1.2E-10
2025-02-05 14:06:12,1.2E-10
2025-02-05 14:06:14,1.2E-10
2025-02-05 14:06:15,1.2E-10
2025-02-05 14:06:17,1.2E-10
2025-02-05 14:06:18,1.2E-10
2025-02-05 14:06:20,1.2E-10
2025-02-05 14:06:22,1.2E-10
2025-02-05 14:06:23,1.2E-10
2025-02-05 14:06:25,1.2E-10
2025-02-05 14:06:26,1.2E-10
2025-02-05 14:06:28,1.2E-10
2025-02-05 14:06:29,1.17E-10
2025-02-05 14:06:31,1.17E-10
2025-02-05 14:06:32,1.17E-10
2025-02-05 14:06:34,1.17E-10
2025-02-05 14:06:35,1.17E-10
2025-02-05 14:06:37,1.16E-10
2025-02-05 14:06:38,1.16E-10
2025-02-05 14:06:40,1.16E-10
2025-02-05 14:06:41,1.16E-10
2025-02-05 14:06:43,1.16E-10
2025-02-05 14:06:44,1.16E-10
2025-02-05 14:06:46,1.16E-10
2025-02-05 14:06:47,1.16E-10
2025-02-05 14:06:49,1.16E-10
2025-02-05 14:06:50,1.16E-10
2025-02-05 14:06:52,1.16E-10
2025-02-05 14:06:53,1.16E-10
2025-02-05 14:06:55,1.16E-10
2025-02-05 14:06:56,1.16E-10
2025-02-05 14:06:58,1.16E-10
2025-02-05 14:06:59,1.16E-10
2025-02-05 14:07:01,1.16E-10
2025-02-05 14:07:02,1.21E-10
2025-02-05 14:07:04,1.21E-10
2025-02-05 14:07:05,1.21E-10
